All-Words,end,filename,n-gram,start,classtype,PRE_DIST_VERB,POST_DIST_VERB,PRE_DIST_STOPWORD,POST_DIST_STOPWORD,PrecedingTitle,Apostrophe,PRE_DIST_FROM_THE,PRE_DIST_FROM_POSITION
Hewitt,0,./markedupfiles/003.txt,1,0,True,100,3,100,100,False,False,100,100
'career,2,./markedupfiles/003.txt,1,2,False,100,1,100,2,False,False,100,100
Plans,4,./markedupfiles/003.txt,1,4,False,100,0,100,0,False,False,100,100
Labour's,17,./markedupfiles/003.txt,1,17,False,2,100,4,2,False,True,100,100
Trade,21,./markedupfiles/003.txt,1,21,False,100,3,4,0,False,False,4,100
Industry,23,./markedupfiles/003.txt,1,23,False,100,1,4,1,False,False,2,100
Secretary,24,./markedupfiles/003.txt,1,24,False,100,0,3,0,False,False,1,100
Patricia,27,./markedupfiles/003.txt,1,27,False,3,1,3,2,False,False,100,2
Hewitt,28,./markedupfiles/003.txt,1,28,False,2,0,2,1,False,False,100,1
"""increasingly",42,./markedupfiles/003.txt,1,42,False,3,100,4,2,False,False,100,100
"""shared",47,./markedupfiles/003.txt,1,47,False,100,100,4,100,False,False,100,100
Hewitt,52,./markedupfiles/003.txt,1,52,False,100,0,100,0,False,False,100,100
Equal,64,./markedupfiles/003.txt,1,64,False,100,100,4,100,False,False,4,100
Opportunities,65,./markedupfiles/003.txt,1,65,False,100,3,3,3,False,False,3,100
Commission,66,./markedupfiles/003.txt,1,66,False,100,2,2,2,False,False,2,100
Mothers,68,./markedupfiles/003.txt,1,68,False,100,0,0,0,False,False,0,100
Hewitt,83,./markedupfiles/003.txt,1,83,False,100,0,1,1,False,False,100,100
"""Clearly",87,./markedupfiles/003.txt,1,87,False,2,100,3,1,False,False,3,100
"""We",119,./markedupfiles/003.txt,1,119,False,100,100,1,0,False,False,1,100
Hewitt,147,./markedupfiles/003.txt,1,147,False,1,1,2,2,False,False,0,100
Plans,176,./markedupfiles/003.txt,1,176,False,100,100,2,2,False,False,100,100
"""taster",191,./markedupfiles/003.txt,1,191,False,2,100,4,1,False,False,100,100
Women,200,./markedupfiles/003.txt,1,200,False,100,3,2,0,False,False,100,100
Equal,212,./markedupfiles/003.txt,1,212,False,3,100,4,100,False,False,4,100
Opportunities,213,./markedupfiles/003.txt,1,213,False,2,100,3,100,False,False,3,100
Commission,214,./markedupfiles/003.txt,1,214,False,1,3,2,100,False,False,2,100
The,216,./markedupfiles/003.txt,1,216,False,100,1,0,3,False,False,0,100
"""career",224,./markedupfiles/003.txt,1,224,False,3,1,4,1,False,False,100,100
"""Career",234,./markedupfiles/003.txt,1,234,False,3,100,1,3,False,False,1,100
"""It",251,./markedupfiles/003.txt,1,251,False,100,0,2,0,False,False,100,100
Earlier,270,./markedupfiles/003.txt,1,270,False,100,1,3,0,False,False,100,100
BBC,273,./markedupfiles/003.txt,1,273,False,4,100,0,100,False,False,100,100
Radio,274,./markedupfiles/003.txt,1,274,False,3,100,2,100,False,False,100,100
Today,276,./markedupfiles/003.txt,1,276,False,1,100,0,2,False,False,100,100
"""What",278,./markedupfiles/003.txt,1,278,False,100,100,100,0,False,False,100,100
"""Unfortunately",312,./markedupfiles/003.txt,1,312,False,1,100,2,0,False,False,100,100
"""Career",333,./markedupfiles/003.txt,1,333,False,100,1,3,1,False,False,100,100
Construction,354,./markedupfiles/003.txt,1,354,False,0,0,2,0,False,False,100,100
"""But",358,./markedupfiles/003.txt,1,358,False,2,1,2,0,False,False,100,100
Career,376,./markedupfiles/003.txt,1,376,False,100,1,3,2,False,False,100,100
She,381,./markedupfiles/003.txt,1,381,False,2,3,3,1,False,False,100,100
"""The",397,./markedupfiles/003.txt,1,397,False,3,100,2,100,False,False,100,100
For,414,./markedupfiles/003.txt,1,414,False,3,100,3,3,False,False,100,100
The,421,./markedupfiles/003.txt,1,421,False,3,100,3,1,False,False,100,100
Department,422,./markedupfiles/003.txt,1,422,False,2,100,2,0,False,False,4,100
Trade,424,./markedupfiles/003.txt,1,424,False,0,2,4,0,False,False,2,100
Industry,426,./markedupfiles/003.txt,1,426,False,100,0,4,0,False,False,0,100
TUC.,441,./markedupfiles/003.txt,1,441,False,2,1,4,1,False,False,4,100
Research,456,./markedupfiles/003.txt,1,456,False,100,100,1,1,False,False,100,100
EOC,460,./markedupfiles/003.txt,1,460,False,100,100,4,3,False,False,4,100
Britons,466,./markedupfiles/003.txt,1,466,False,100,2,3,1,False,False,100,100
"""natural",479,./markedupfiles/003.txt,1,479,False,1,100,4,1,False,False,2,100
Women,484,./markedupfiles/003.txt,1,484,False,100,0,3,2,False,False,3,100
FTSE,494,./markedupfiles/003.txt,1,494,False,100,100,4,2,False,False,1,100
And,508,./markedupfiles/003.txt,1,508,False,2,0,3,2,False,False,100,100
Watchdog,0,./markedupfiles/002.txt,1,0,False,100,100,100,100,False,False,100,100
The,4,./markedupfiles/002.txt,1,4,False,100,2,100,3,False,False,100,100
Cabinet,15,./markedupfiles/002.txt,1,15,False,100,100,4,100,False,False,100,100
Office,16,./markedupfiles/002.txt,1,16,False,100,3,3,3,False,False,100,100
Richard,28,./markedupfiles/002.txt,1,28,False,100,100,1,3,False,False,100,100
Thomas,29,./markedupfiles/002.txt,1,29,False,100,100,0,2,False,False,100,100
"""totally",30,./markedupfiles/002.txt,1,30,False,100,100,100,1,False,False,100,100
January.,50,./markedupfiles/002.txt,1,50,False,2,2,3,100,False,False,100,100
Government,51,./markedupfiles/002.txt,1,51,False,1,1,2,3,False,False,100,100
"""no",62,./markedupfiles/002.txt,1,62,False,4,100,3,100,False,False,100,100
Thomas,66,./markedupfiles/002.txt,1,66,False,0,100,100,3,False,False,100,100
The,68,./markedupfiles/002.txt,1,68,False,100,100,100,1,False,False,100,100
Tories,69,./markedupfiles/002.txt,1,69,False,100,100,100,0,False,False,4,100
Lib,72,./markedupfiles/002.txt,1,72,False,100,1,4,1,False,False,1,100
Dems,73,./markedupfiles/002.txt,1,73,False,100,0,3,0,False,False,0,100
Tory,82,./markedupfiles/002.txt,1,82,False,100,3,2,3,False,False,2,100
Michael,84,./markedupfiles/002.txt,1,84,False,100,1,0,1,False,False,0,100
Howard,85,./markedupfiles/002.txt,1,85,False,100,0,100,0,False,False,100,100
Tony,89,./markedupfiles/002.txt,1,89,False,4,100,4,2,False,False,100,100
Blair,90,./markedupfiles/002.txt,1,90,False,3,100,3,1,False,False,100,100
Monday,102,./markedupfiles/002.txt,1,102,False,100,100,1,100,False,False,100,100
Lib,103,./markedupfiles/002.txt,1,103,False,100,100,0,100,False,False,100,100
Dem,104,./markedupfiles/002.txt,1,104,False,100,100,100,100,False,False,100,100
Alan,109,./markedupfiles/002.txt,1,109,False,100,100,100,2,False,False,100,100
Beith,110,./markedupfiles/002.txt,1,110,False,100,100,100,1,False,False,100,100
Hutton,129,./markedupfiles/002.txt,1,129,False,100,100,4,3,False,False,4,100
Inquiry.,130,./markedupfiles/002.txt,1,130,False,100,100,3,2,False,False,3,100
The,131,./markedupfiles/002.txt,1,131,False,100,100,2,1,False,False,2,100
Freedom,140,./markedupfiles/002.txt,1,140,False,100,2,4,0,False,False,4,100
Information,142,./markedupfiles/002.txt,1,142,False,100,0,4,2,False,False,2,100
Act,143,./markedupfiles/002.txt,1,143,False,100,0,3,1,False,False,1,100
"""too",148,./markedupfiles/002.txt,1,148,False,4,1,4,1,False,False,100,100
Beith,156,./markedupfiles/002.txt,1,156,False,1,100,2,2,False,False,100,100
But,158,./markedupfiles/002.txt,1,158,False,100,100,0,0,False,False,100,100
Cabinet,160,./markedupfiles/002.txt,1,160,False,100,2,4,3,False,False,100,100
Office,161,./markedupfiles/002.txt,1,161,False,100,1,3,2,False,False,100,100
"""the",173,./markedupfiles/002.txt,1,173,False,100,100,4,1,False,False,1,100
Beith,179,./markedupfiles/002.txt,1,179,False,100,100,1,1,False,False,100,100
"""e-mail",189,./markedupfiles/002.txt,1,189,False,0,1,4,3,False,False,4,100
"""support",192,./markedupfiles/002.txt,1,192,False,4,100,1,0,False,False,1,100
Thomas,199,./markedupfiles/002.txt,1,199,False,100,3,1,100,False,False,100,100
"""The",201,./markedupfiles/002.txt,1,201,False,100,1,100,2,False,False,100,100
Act,203,./markedupfiles/002.txt,1,203,False,100,2,100,0,False,False,100,100
Parliament,205,./markedupfiles/002.txt,1,205,False,3,0,4,1,False,False,100,100
All,246,./markedupfiles/002.txt,1,246,False,100,3,2,1,False,False,2,100
Thomas,268,./markedupfiles/002.txt,1,268,False,3,3,1,2,False,False,1,100
"""If",270,./markedupfiles/002.txt,1,270,False,1,1,100,0,False,False,100,100
It's,287,./markedupfiles/002.txt,1,287,False,1,3,2,0,False,True,100,100
"""But",307,./markedupfiles/002.txt,1,307,False,2,3,2,0,False,False,100,100
The,323,./markedupfiles/002.txt,1,323,False,2,3,2,1,False,False,100,100
Freedom,324,./markedupfiles/002.txt,1,324,False,1,2,1,0,False,False,4,100
Information,326,./markedupfiles/002.txt,1,326,False,100,0,4,1,False,False,2,100
Act,327,./markedupfiles/002.txt,1,327,False,100,0,3,0,False,False,1,100
England,330,./markedupfiles/002.txt,1,330,False,4,100,3,1,False,False,100,100
Wales,331,./markedupfiles/002.txt,1,331,False,3,100,2,0,False,False,100,100
Northern,333,./markedupfiles/002.txt,1,333,False,1,100,4,1,False,False,100,100
Ireland,334,./markedupfiles/002.txt,1,334,False,0,100,3,0,False,False,100,100
Similar,338,./markedupfiles/002.txt,1,338,False,100,3,2,1,False,False,100,100
Scotland.,349,./markedupfiles/002.txt,1,349,False,3,100,4,2,False,False,1,100
Its,371,./markedupfiles/002.txt,1,371,False,2,1,2,1,False,False,100,100
Labour,0,./markedupfiles/001.txt,1,0,False,100,2,100,100,False,False,100,100
Maternity,5,./markedupfiles/001.txt,1,5,False,4,0,100,1,False,False,100,100
Trade,23,./markedupfiles/001.txt,1,23,False,2,100,4,0,False,False,4,100
Industry,25,./markedupfiles/001.txt,1,25,False,0,100,4,100,False,False,2,100
Secretary,26,./markedupfiles/001.txt,1,26,False,100,3,3,100,False,False,1,100
Patricia,27,./markedupfiles/001.txt,1,27,False,100,2,2,100,False,False,0,4
Hewitt.,28,./markedupfiles/001.txt,1,28,False,100,1,1,100,False,False,100,3
Hewitt,43,./markedupfiles/001.txt,1,43,False,100,0,2,100,False,False,100,100
GMTV's,45,./markedupfiles/001.txt,1,45,False,4,100,0,100,False,True,100,100
Sunday,46,./markedupfiles/001.txt,1,46,False,3,100,100,100,False,False,100,100
Other,48,./markedupfiles/001.txt,1,48,False,1,100,100,100,False,False,100,100
The,66,./markedupfiles/001.txt,1,66,False,0,100,2,2,False,False,100,100
Tories,67,./markedupfiles/001.txt,1,67,False,100,3,1,1,False,False,4,100
"""desperate""",74,./markedupfiles/001.txt,1,74,False,2,100,4,0,False,False,0,100
Liberal,77,./markedupfiles/001.txt,1,77,False,100,1,4,2,False,False,4,100
Democrats,78,./markedupfiles/001.txt,1,78,False,100,0,3,1,False,False,3,100
Hewitt,84,./markedupfiles/001.txt,1,84,False,2,2,2,2,False,False,100,100
"""We",86,./markedupfiles/001.txt,1,86,False,0,0,0,0,False,False,100,100
"""We",112,./markedupfiles/001.txt,1,112,False,2,2,2,0,False,False,100,100
"Parliament.""",144,./markedupfiles/001.txt,1,144,False,100,1,0,100,False,False,0,100
She,145,./markedupfiles/001.txt,1,145,False,100,0,2,3,False,False,2,100
"""We",172,./markedupfiles/001.txt,1,172,False,3,0,3,0,False,False,100,100
She,200,./markedupfiles/001.txt,1,200,False,100,0,2,100,False,False,2,100
The,239,./markedupfiles/001.txt,1,239,False,100,100,2,2,False,False,100,100
Shadow,240,./markedupfiles/001.txt,1,240,False,100,100,1,1,False,False,4,100
Secretary,241,./markedupfiles/001.txt,1,241,False,100,100,0,0,False,False,3,100
State,243,./markedupfiles/001.txt,1,243,False,100,100,4,0,False,False,1,3
Family,246,./markedupfiles/001.txt,1,246,False,100,100,4,100,False,False,4,0
Theresa,247,./markedupfiles/001.txt,1,247,False,100,100,3,100,False,False,3,100
May,248,./markedupfiles/001.txt,1,248,False,100,3,2,3,False,False,2,100
"""These",250,./markedupfiles/001.txt,1,250,False,100,1,0,1,False,False,0,100
Gordon,255,./markedupfiles/001.txt,1,255,False,3,100,4,1,False,False,100,100
Brown,256,./markedupfiles/001.txt,1,256,False,2,100,3,0,False,False,100,100
December,262,./markedupfiles/001.txt,1,262,False,100,3,0,0,False,False,100,100
Tony,264,./markedupfiles/001.txt,1,264,False,100,1,4,1,False,False,100,100
Blair,265,./markedupfiles/001.txt,1,265,False,100,0,3,0,False,False,100,100
She,279,./markedupfiles/001.txt,1,279,False,2,0,0,1,False,False,100,100
Conservatives,282,./markedupfiles/001.txt,1,282,False,3,0,4,2,False,False,4,100
General,290,./markedupfiles/001.txt,1,290,False,3,100,4,100,False,False,4,100
Election.,291,./markedupfiles/001.txt,1,291,False,2,100,3,3,False,False,3,4
Liberal,292,./markedupfiles/001.txt,1,292,False,1,100,2,2,False,False,2,3
Democrat,293,./markedupfiles/001.txt,1,293,False,0,100,1,1,False,False,1,2
Sandra,297,./markedupfiles/001.txt,1,297,False,100,100,3,100,False,False,100,100
Gidley,298,./markedupfiles/001.txt,1,298,False,100,3,2,100,False,False,100,100
"""While",300,./markedupfiles/001.txt,1,300,False,100,1,0,3,False,False,100,100
Liberal,309,./markedupfiles/001.txt,1,309,False,3,1,4,2,False,False,4,100
Democrats,310,./markedupfiles/001.txt,1,310,False,2,0,3,1,False,False,3,100
She,317,./markedupfiles/001.txt,1,317,False,2,0,3,1,False,False,100,100
Hewitt,342,./markedupfiles/001.txt,1,342,False,100,100,2,2,False,False,100,100
But,355,./markedupfiles/001.txt,1,355,False,100,100,3,100,False,False,100,100
David,356,./markedupfiles/001.txt,1,356,False,100,100,2,3,False,False,100,100
Frost,357,./markedupfiles/001.txt,1,357,False,100,100,1,2,False,False,100,100
British,362,./markedupfiles/001.txt,1,362,False,100,100,4,1,False,False,4,100
Chambers,363,./markedupfiles/001.txt,1,363,False,100,100,3,0,False,False,3,100
Commerce,365,./markedupfiles/001.txt,1,365,False,100,100,0,1,False,False,1,100
"""crippled""",373,./markedupfiles/001.txt,1,373,False,4,100,4,0,False,False,100,100
"""While",377,./markedupfiles/001.txt,1,377,False,0,100,3,0,False,False,3,100
Further,409,./markedupfiles/001.txt,1,409,False,0,100,3,1,False,False,100,100
Monday.,419,./markedupfiles/001.txt,1,419,False,2,100,4,2,False,False,100,100
New,420,./markedupfiles/001.txt,1,420,False,1,100,3,1,False,False,100,100
Brown,0,./markedupfiles/005.txt,1,0,True,100,100,100,100,False,False,100,100
Budget,3,./markedupfiles/005.txt,1,3,False,100,100,100,100,False,False,100,100
Chancellor,5,./markedupfiles/005.txt,1,5,False,100,100,100,100,False,False,100,100
Gordon,6,./markedupfiles/005.txt,1,6,False,100,3,100,3,False,False,100,4
Brown's,7,./markedupfiles/005.txt,1,7,False,100,2,100,2,False,True,100,3
Budget,17,./markedupfiles/005.txt,1,17,False,3,100,4,1,False,False,100,100
March.,21,./markedupfiles/005.txt,1,21,False,100,100,3,100,False,False,100,100
Balls,23,./markedupfiles/005.txt,1,23,False,100,3,1,3,False,False,100,100
Treasury,29,./markedupfiles/005.txt,1,29,False,3,0,4,1,False,False,4,100
But,40,./markedupfiles/005.txt,1,40,False,100,100,2,3,False,False,100,100
Balls,42,./markedupfiles/005.txt,1,42,False,100,100,0,1,False,False,100,100
Labour,45,./markedupfiles/005.txt,1,45,False,100,2,4,3,False,False,100,100
Sir,62,./markedupfiles/005.txt,1,62,False,3,100,3,100,True,False,100,100
Digby,63,./markedupfiles/005.txt,1,63,False,2,100,4,100,False,False,100,100
Jones,64,./markedupfiles/005.txt,1,64,False,1,100,3,100,False,False,100,100
CBI,65,./markedupfiles/005.txt,1,65,False,0,100,2,100,False,False,100,100
Brown,70,./markedupfiles/005.txt,1,70,False,100,3,100,2,False,False,100,100
Balls,84,./markedupfiles/005.txt,1,84,False,100,100,3,2,False,False,100,100
Treasury,90,./markedupfiles/005.txt,1,90,False,100,2,4,0,False,False,100,100
Labour,96,./markedupfiles/005.txt,1,96,False,4,100,3,0,False,False,100,100
Brown,105,./markedupfiles/005.txt,1,105,False,3,2,3,100,False,False,1,100
"""with",113,./markedupfiles/005.txt,1,113,False,1,100,2,2,False,False,100,100
May,144,./markedupfiles/005.txt,1,144,False,1,3,4,100,False,False,100,100
Labour,150,./markedupfiles/005.txt,1,150,False,3,100,4,0,False,False,100,100
Party's,151,./markedupfiles/005.txt,1,151,False,2,100,3,3,False,True,100,100
Expectations,155,./markedupfiles/005.txt,1,155,False,100,100,1,2,False,False,1,100
Consumer,171,./markedupfiles/005.txt,1,171,False,1,3,4,100,False,False,100,100
January.,179,./markedupfiles/005.txt,1,179,False,1,100,3,0,False,False,100,100
"""If",180,./markedupfiles/005.txt,1,180,False,0,100,2,2,False,False,100,100
MPC,182,./markedupfiles/005.txt,1,182,False,100,100,3,0,False,False,100,100
Bank,184,./markedupfiles/005.txt,1,184,False,100,100,4,2,False,False,4,100
England's,186,./markedupfiles/005.txt,1,186,False,100,100,2,0,False,True,2,100
Monetary,187,./markedupfiles/005.txt,1,187,False,100,100,1,100,False,False,1,100
Policy,188,./markedupfiles/005.txt,1,188,False,100,3,4,3,False,False,0,100
I'm,211,./markedupfiles/005.txt,1,211,False,100,100,0,0,False,False,0,100
Britain,231,./markedupfiles/005.txt,1,231,False,1,100,2,0,False,False,100,100
Parliamentary,237,./markedupfiles/005.txt,1,237,False,100,100,4,0,False,False,100,100
"""This",239,./markedupfiles/005.txt,1,239,False,3,2,4,2,False,False,100,100
During,248,./markedupfiles/005.txt,1,248,False,100,100,4,2,False,False,100,100
BBC,252,./markedupfiles/005.txt,1,252,False,100,100,4,0,False,False,100,100
Radio,253,./markedupfiles/005.txt,1,253,False,100,100,3,100,False,False,100,100
Today,255,./markedupfiles/005.txt,1,255,False,100,100,3,100,False,False,100,100
Balls,258,./markedupfiles/005.txt,1,258,False,100,2,0,3,False,False,100,100
Brown's,264,./markedupfiles/005.txt,1,264,False,4,3,4,100,False,True,100,100
Budget,265,./markedupfiles/005.txt,1,265,False,3,2,3,3,False,False,100,100
His,296,./markedupfiles/005.txt,1,296,False,1,3,3,100,False,False,100,100
Sir,300,./markedupfiles/005.txt,1,300,False,100,100,1,0,True,False,100,100
Digby,301,./markedupfiles/005.txt,1,301,False,4,3,0,100,False,False,100,100
Jones,302,./markedupfiles/005.txt,1,302,False,3,2,4,100,False,False,100,100
His,319,./markedupfiles/005.txt,1,319,False,2,3,3,3,False,False,100,100
"""Please",325,./markedupfiles/005.txt,1,325,False,3,3,4,100,False,False,4,100
Sir,335,./markedupfiles/005.txt,1,335,False,4,100,3,100,True,False,100,100
Digby,336,./markedupfiles/005.txt,1,336,False,3,100,4,100,False,False,100,100
Stability,357,./markedupfiles/005.txt,1,357,False,100,2,4,2,False,False,4,100
British,363,./markedupfiles/005.txt,1,363,False,2,100,3,100,False,False,3,100
"""We",371,./markedupfiles/005.txt,1,371,False,100,2,4,100,False,False,100,100
'don't,376,./markedupfiles/005.txt,1,376,False,4,100,0,0,False,False,100,100
But,385,./markedupfiles/005.txt,1,385,False,4,100,0,2,False,False,100,100
Britain,399,./markedupfiles/005.txt,1,399,False,3,2,4,0,False,False,4,100
"""That",406,./markedupfiles/005.txt,1,406,False,1,2,3,3,False,False,100,100
Balls,417,./markedupfiles/005.txt,1,417,False,3,2,4,3,False,False,100,100
Brown,423,./markedupfiles/005.txt,1,423,False,4,2,3,100,False,False,100,100
Foreign,440,./markedupfiles/005.txt,1,440,False,2,100,4,0,False,False,4,100
Secretary.,441,./markedupfiles/005.txt,1,441,False,1,3,3,100,False,False,3,100
Gordon,445,./markedupfiles/005.txt,1,445,False,100,100,1,0,False,False,100,100
Brown,446,./markedupfiles/005.txt,1,446,False,4,3,0,3,False,False,100,100
Labour,454,./markedupfiles/005.txt,1,454,False,3,100,4,3,False,False,100,100
Conservative,472,./markedupfiles/005.txt,1,472,False,4,100,3,0,False,False,1,100
Party,473,./markedupfiles/005.txt,1,473,False,3,3,4,2,False,False,0,100
Britain,477,./markedupfiles/005.txt,1,477,False,100,0,4,100,False,False,100,100
Balls,480,./markedupfiles/005.txt,1,480,False,3,2,2,100,False,False,100,100
Today.,482,./markedupfiles/005.txt,1,482,False,1,0,0,100,False,False,100,100
Prime,483,./markedupfiles/005.txt,1,483,False,0,100,100,100,False,False,100,100
Minister,484,./markedupfiles/005.txt,1,484,False,4,100,100,100,False,False,100,100
Tony,485,./markedupfiles/005.txt,1,485,False,3,3,100,3,False,False,100,100
Blair,486,./markedupfiles/005.txt,1,486,False,2,2,100,2,False,False,100,100
May.,503,./markedupfiles/005.txt,1,503,False,100,100,3,100,False,False,100,100
Labour,0,./markedupfiles/004.txt,1,0,False,100,0,100,100,False,False,100,100
Manchester,2,./markedupfiles/004.txt,1,2,False,1,3,100,3,False,False,100,100
The,3,./markedupfiles/004.txt,1,3,False,1,2,100,2,False,False,100,100
Labour,4,./markedupfiles/004.txt,1,4,False,1,1,100,1,False,False,3,100
Party,5,./markedupfiles/004.txt,1,5,False,1,0,100,0,False,False,3,100
Manchester,13,./markedupfiles/004.txt,1,13,False,100,100,4,0,False,False,100,100
Blackpool,16,./markedupfiles/004.txt,1,16,False,100,1,4,0,False,False,100,100
The,21,./markedupfiles/004.txt,1,21,False,3,3,3,3,False,False,100,100
Labour's,28,./markedupfiles/004.txt,1,28,False,2,100,4,100,False,True,100,100
National,30,./markedupfiles/004.txt,1,30,False,0,100,2,2,False,False,100,100
Executive,31,./markedupfiles/004.txt,1,31,False,100,3,1,1,False,False,100,100
Committee,32,./markedupfiles/004.txt,1,32,False,100,2,0,0,False,False,100,100
Manchester,57,./markedupfiles/004.txt,1,57,False,4,0,3,0,False,False,1,100
Blackpool,63,./markedupfiles/004.txt,1,63,False,0,0,2,0,False,False,2,100
February,69,./markedupfiles/004.txt,1,69,False,1,100,2,3,False,False,2,100
For,82,./markedupfiles/004.txt,1,82,False,0,100,2,1,False,False,100,100
Blackpool,91,./markedupfiles/004.txt,1,91,False,2,100,4,1,False,False,100,100
Bournemouth,92,./markedupfiles/004.txt,1,92,False,1,100,3,0,False,False,100,100
Brighton.,94,./markedupfiles/004.txt,1,94,False,100,100,4,1,False,False,100,100
And,95,./markedupfiles/004.txt,1,95,False,100,100,3,0,False,False,100,100
Blackpool,108,./markedupfiles/004.txt,1,108,False,3,0,4,0,False,False,100,100
Blackpool,129,./markedupfiles/004.txt,1,129,False,4,1,4,0,False,False,100,100
The,135,./markedupfiles/004.txt,1,135,False,1,100,3,100,False,False,100,100
Bournemouth,138,./markedupfiles/004.txt,1,138,False,100,100,0,1,False,False,2,100
Brighton,151,./markedupfiles/004.txt,1,151,False,3,0,4,0,False,False,100,100
Colin,157,./markedupfiles/004.txt,1,157,False,0,100,2,100,False,False,2,100
Asplin,158,./markedupfiles/004.txt,1,158,False,100,100,1,100,False,False,1,100
Blackpool,159,./markedupfiles/004.txt,1,159,False,100,100,0,100,False,False,0,100
Hotel,160,./markedupfiles/004.txt,1,160,False,100,3,100,3,False,False,100,100
Association,161,./markedupfiles/004.txt,1,161,False,100,2,100,2,False,False,100,100
"""We",163,./markedupfiles/004.txt,1,163,False,100,0,100,0,False,False,100,100
Blackpool.,175,./markedupfiles/004.txt,1,175,False,4,2,4,1,False,False,100,100
"""Obviously",176,./markedupfiles/004.txt,1,176,False,3,1,3,0,False,False,100,100
Manchester,185,./markedupfiles/004.txt,1,185,False,100,0,3,0,False,False,100,100
"""It",190,./markedupfiles/004.txt,1,190,False,1,100,3,1,False,False,3,100
Labour,195,./markedupfiles/004.txt,1,195,False,100,2,4,1,False,False,4,100
Party,196,./markedupfiles/004.txt,1,196,False,100,1,3,0,False,False,3,100
The,216,./markedupfiles/004.txt,1,216,False,100,1,3,2,False,False,3,100
Blackpool,220,./markedupfiles/004.txt,1,220,False,4,3,4,0,False,False,1,100
Manchester,246,./markedupfiles/004.txt,1,246,False,1,100,3,1,False,False,3,100
Industry Secretary,24,./markedupfiles/003.txt,2,23,False,100,0,4,0,False,False,2,100
Patricia Hewitt,28,./markedupfiles/003.txt,2,27,True,3,0,3,1,False,False,100,2
Ms Hewitt,52,./markedupfiles/003.txt,2,51,True,100,0,0,0,True,False,100,100
Equal Opportunities,65,./markedupfiles/003.txt,2,64,False,100,3,4,3,False,False,4,100
Opportunities Commission,66,./markedupfiles/003.txt,2,65,False,100,2,3,2,False,False,3,100
Ms Hewitt,83,./markedupfiles/003.txt,2,82,True,0,0,2,1,True,False,100,100
Ms Hewitt,147,./markedupfiles/003.txt,2,146,True,2,1,3,2,True,False,1,100
Equal Opportunities,213,./markedupfiles/003.txt,2,212,False,3,100,4,100,False,False,4,100
Opportunities Commission,214,./markedupfiles/003.txt,2,213,False,2,3,3,100,False,False,3,100
BBC Radio,274,./markedupfiles/003.txt,2,273,False,4,100,0,100,False,False,100,100
The Department,422,./markedupfiles/003.txt,2,421,False,3,100,3,0,False,False,100,100
TUC. It,442,./markedupfiles/003.txt,2,441,False,2,0,4,0,False,False,4,100
Cabinet Office,16,./markedupfiles/002.txt,2,15,False,100,3,4,3,False,False,100,100
Richard Thomas,29,./markedupfiles/002.txt,2,28,True,100,100,1,2,False,False,100,100
"Thomas ""totally",30,./markedupfiles/002.txt,2,29,False,100,100,0,1,False,False,100,100
January. Government,51,./markedupfiles/002.txt,2,50,False,2,1,3,3,False,False,100,100
Mr Thomas,66,./markedupfiles/002.txt,2,65,True,1,100,0,3,True,False,100,100
The Tories,69,./markedupfiles/002.txt,2,68,False,100,100,100,0,False,False,100,100
Lib Dems,73,./markedupfiles/002.txt,2,72,False,100,0,4,0,False,False,1,100
Michael Howard,85,./markedupfiles/002.txt,2,84,True,100,0,0,0,False,False,0,100
Tony Blair,90,./markedupfiles/002.txt,2,89,True,4,100,4,1,False,False,100,100
On Monday,102,./markedupfiles/002.txt,2,101,False,100,100,2,100,False,False,100,100
Monday Lib,103,./markedupfiles/002.txt,2,102,False,100,100,1,100,False,False,100,100
Lib Dem,104,./markedupfiles/002.txt,2,103,False,100,100,0,100,False,False,100,100
Alan Beith,110,./markedupfiles/002.txt,2,109,True,100,100,100,1,False,False,100,100
Hutton Inquiry.,130,./markedupfiles/002.txt,2,129,False,100,100,4,2,False,False,4,100
Inquiry. The,131,./markedupfiles/002.txt,2,130,False,100,100,3,1,False,False,3,100
Information Act,143,./markedupfiles/002.txt,2,142,False,100,0,4,1,False,False,2,100
Mr Beith,156,./markedupfiles/002.txt,2,155,True,2,100,3,2,True,False,100,100
Cabinet Office,161,./markedupfiles/002.txt,2,160,False,100,1,4,2,False,False,100,100
Mr Beith,179,./markedupfiles/002.txt,2,178,True,100,100,2,1,True,False,100,100
Mr Thomas,199,./markedupfiles/002.txt,2,198,True,100,3,2,100,True,False,0,100
Mr Thomas,268,./markedupfiles/002.txt,2,267,True,4,3,2,2,True,False,2,100
Thomas .,269,./markedupfiles/002.txt,2,268,False,3,2,1,1,False,False,1,100
". ""If",270,./markedupfiles/002.txt,2,269,False,2,1,0,0,False,False,0,100
The Freedom,324,./markedupfiles/002.txt,2,323,False,2,2,2,0,False,False,100,100
Information Act,327,./markedupfiles/002.txt,2,326,False,100,0,4,0,False,False,2,100
England Wales,331,./markedupfiles/002.txt,2,330,False,4,100,3,0,False,False,100,100
Northern Ireland,334,./markedupfiles/002.txt,2,333,False,1,100,4,0,False,False,100,100
Scotland. It,350,./markedupfiles/002.txt,2,349,False,3,100,4,1,False,False,1,100
Industry Secretary,26,./markedupfiles/001.txt,2,25,False,0,3,4,100,False,False,2,100
Secretary Patricia,27,./markedupfiles/001.txt,2,26,False,100,2,3,100,False,False,1,100
Patricia Hewitt.,28,./markedupfiles/001.txt,2,27,False,100,1,2,100,False,False,0,4
Hewitt. It,29,./markedupfiles/001.txt,2,28,False,100,0,1,100,False,False,100,3
Ms Hewitt,43,./markedupfiles/001.txt,2,42,True,0,0,3,100,True,False,100,100
GMTV's Sunday,46,./markedupfiles/001.txt,2,45,False,4,100,0,100,False,False,100,100
The Tories,67,./markedupfiles/001.txt,2,66,False,0,3,2,1,False,False,100,100
Liberal Democrats,78,./markedupfiles/001.txt,2,77,False,100,0,4,1,False,False,4,100
Ms Hewitt,84,./markedupfiles/001.txt,2,83,True,3,2,3,2,True,False,100,100
"Parliament."" She",145,./markedupfiles/001.txt,2,144,False,100,0,0,3,False,False,0,100
The Shadow,240,./markedupfiles/001.txt,2,239,False,100,100,2,1,False,False,100,100
Shadow Secretary,241,./markedupfiles/001.txt,2,240,False,100,100,1,0,False,False,4,100
Family Theresa,247,./markedupfiles/001.txt,2,246,False,100,100,4,100,False,False,4,0
Theresa May,248,./markedupfiles/001.txt,2,247,True,100,3,3,3,False,False,3,100
Gordon Brown,256,./markedupfiles/001.txt,2,255,True,3,100,4,0,False,False,100,100
Tony Blair,265,./markedupfiles/001.txt,2,264,True,100,0,4,0,False,False,100,100
General Election.,291,./markedupfiles/001.txt,2,290,False,3,100,4,3,False,False,4,100
Election. Liberal,292,./markedupfiles/001.txt,2,291,False,2,100,3,2,False,False,3,4
Liberal Democrat,293,./markedupfiles/001.txt,2,292,False,1,100,2,1,False,False,2,3
Sandra Gidley,298,./markedupfiles/001.txt,2,297,True,100,3,3,100,False,False,100,100
Liberal Democrats,310,./markedupfiles/001.txt,2,309,False,3,0,4,1,False,False,4,100
Ms Hewitt,342,./markedupfiles/001.txt,2,341,True,100,100,3,2,True,False,100,100
But David,356,./markedupfiles/001.txt,2,355,False,100,100,3,3,False,False,100,100
David Frost,357,./markedupfiles/001.txt,2,356,True,100,100,2,2,False,False,100,100
British Chambers,363,./markedupfiles/001.txt,2,362,False,100,100,4,0,False,False,4,100
Monday. New,420,./markedupfiles/001.txt,2,419,False,2,100,4,1,False,False,100,100
Chancellor Gordon,6,./markedupfiles/005.txt,2,5,False,100,3,100,3,False,False,100,100
Gordon Brown's,7,./markedupfiles/005.txt,2,6,True,100,2,100,2,False,True,100,4
March. Ed,22,./markedupfiles/005.txt,2,21,False,100,100,3,100,False,False,100,100
Ed Balls,23,./markedupfiles/005.txt,2,22,True,100,3,2,3,False,False,100,100
But Mr,41,./markedupfiles/005.txt,2,40,False,100,100,2,2,False,False,100,100
Mr Balls,42,./markedupfiles/005.txt,2,41,True,100,100,1,1,True,False,100,100
Labour MP,46,./markedupfiles/005.txt,2,45,False,100,1,4,2,False,False,100,100
Sir Digby,63,./markedupfiles/005.txt,2,62,False,3,100,3,100,True,False,100,100
Digby Jones,64,./markedupfiles/005.txt,2,63,False,2,100,4,100,False,False,100,100
Jones CBI,65,./markedupfiles/005.txt,2,64,False,1,100,3,100,False,False,100,100
Mr Brown,70,./markedupfiles/005.txt,2,69,True,100,3,100,2,True,False,100,100
Mr Balls,84,./markedupfiles/005.txt,2,83,True,100,100,4,2,True,False,100,100
Mr Brown,105,./markedupfiles/005.txt,2,104,True,4,2,4,100,True,False,2,100
"- ""with",113,./markedupfiles/005.txt,2,112,False,2,100,3,2,False,False,100,100
Labour Party's,151,./markedupfiles/005.txt,2,150,False,3,100,4,3,False,True,100,100
"January. ""If",180,./markedupfiles/005.txt,2,179,False,1,100,3,2,False,False,100,100
England's Monetary,187,./markedupfiles/005.txt,2,186,False,100,100,2,100,False,False,2,100
Monetary Policy,188,./markedupfiles/005.txt,2,187,False,100,3,1,3,False,False,1,100
- I,218,./markedupfiles/005.txt,2,217,False,100,2,4,2,False,False,100,100
BBC Radio,253,./markedupfiles/005.txt,2,252,False,100,100,4,100,False,False,100,100
Mr Balls,258,./markedupfiles/005.txt,2,257,True,100,2,1,3,True,False,100,100
Mr Brown's,264,./markedupfiles/005.txt,2,263,True,3,3,4,100,True,True,100,100
Brown's Budget,265,./markedupfiles/005.txt,2,264,False,4,2,4,3,False,False,100,100
Sir Digby,301,./markedupfiles/005.txt,2,300,False,100,3,1,100,True,False,100,100
Digby Jones,302,./markedupfiles/005.txt,2,301,False,4,2,0,100,False,False,100,100
Sir Digby,336,./markedupfiles/005.txt,2,335,True,4,100,3,100,True,False,100,100
- British,363,./markedupfiles/005.txt,2,362,False,3,100,4,100,False,False,4,100
Mr Balls,417,./markedupfiles/005.txt,2,416,True,4,2,3,3,True,False,100,100
Mr Brown,423,./markedupfiles/005.txt,2,422,True,4,2,4,100,True,False,100,100
Foreign Secretary.,441,./markedupfiles/005.txt,2,440,False,2,3,4,100,False,False,4,100
"Secretary. ""I",442,./markedupfiles/005.txt,2,441,False,1,2,3,3,False,False,3,100
Gordon Brown,446,./markedupfiles/005.txt,2,445,True,100,3,1,3,False,False,100,100
Conservative Party,473,./markedupfiles/005.txt,2,472,False,4,3,3,2,False,False,1,100
Mr Balls,480,./markedupfiles/005.txt,2,479,True,4,2,3,100,True,False,100,100
Today. Prime,483,./markedupfiles/005.txt,2,482,False,1,100,0,100,False,False,100,100
Prime Minister,484,./markedupfiles/005.txt,2,483,False,0,100,100,100,False,False,100,100
Minister Tony,485,./markedupfiles/005.txt,2,484,False,4,3,100,3,False,False,100,100
Tony Blair,486,./markedupfiles/005.txt,2,485,True,3,2,100,2,False,False,100,100
May. Labour,504,./markedupfiles/005.txt,2,503,False,100,100,3,100,False,False,100,100
Manchester The,3,./markedupfiles/004.txt,2,2,False,1,2,100,2,False,False,100,100
The Labour,4,./markedupfiles/004.txt,2,3,False,1,1,100,1,False,False,100,100
Labour Party,5,./markedupfiles/004.txt,2,4,False,1,0,100,0,False,False,3,100
National Executive,31,./markedupfiles/004.txt,2,30,False,0,3,2,1,False,False,100,100
Executive Committee,32,./markedupfiles/004.txt,2,31,False,100,2,1,0,False,False,100,100
Blackpool Bournemouth,92,./markedupfiles/004.txt,2,91,False,2,100,4,0,False,False,100,100
Brighton. And,95,./markedupfiles/004.txt,2,94,False,100,100,4,0,False,False,100,100
Colin Asplin,158,./markedupfiles/004.txt,2,157,True,0,100,2,100,False,False,2,100
Asplin Blackpool,159,./markedupfiles/004.txt,2,158,False,100,100,1,100,False,False,1,100
Blackpool Hotel,160,./markedupfiles/004.txt,2,159,False,100,3,0,3,False,False,0,100
Hotel Association,161,./markedupfiles/004.txt,2,160,False,100,2,100,2,False,False,100,100
"Blackpool. ""Obviously",176,./markedupfiles/004.txt,2,175,False,4,1,4,0,False,False,100,100
Labour Party,196,./markedupfiles/004.txt,2,195,False,100,1,4,0,False,False,4,100
Equal Opportunities Commission,66,./markedupfiles/003.txt,3,64,False,100,2,4,2,False,False,4,100
Equal Opportunities Commission,214,./markedupfiles/003.txt,3,212,False,3,3,4,100,False,False,4,100
"Richard Thomas ""totally",30,./markedupfiles/002.txt,3,28,False,100,100,1,1,False,False,100,100
On Monday Lib,103,./markedupfiles/002.txt,3,101,False,100,100,2,100,False,False,100,100
Monday Lib Dem,104,./markedupfiles/002.txt,3,102,False,100,100,1,100,False,False,100,100
Hutton Inquiry. The,131,./markedupfiles/002.txt,3,129,False,100,100,4,1,False,False,4,100
Mr Thomas .,269,./markedupfiles/002.txt,3,267,False,4,2,2,1,True,False,2,100
"Thomas . ""If",270,./markedupfiles/002.txt,3,268,False,3,1,1,0,False,False,1,100
Industry Secretary Patricia,27,./markedupfiles/001.txt,3,25,False,0,2,4,100,False,False,2,100
Secretary Patricia Hewitt.,28,./markedupfiles/001.txt,3,26,False,100,1,3,100,False,False,1,100
Patricia Hewitt. It,29,./markedupfiles/001.txt,3,27,False,100,0,2,100,False,False,0,4
The Shadow Secretary,241,./markedupfiles/001.txt,3,239,False,100,100,2,0,False,False,100,100
Family Theresa May,248,./markedupfiles/001.txt,3,246,False,100,3,4,3,False,False,4,0
General Election. Liberal,292,./markedupfiles/001.txt,3,290,False,3,100,4,2,False,False,4,100
Election. Liberal Democrat,293,./markedupfiles/001.txt,3,291,False,2,100,3,1,False,False,3,4
But David Frost,357,./markedupfiles/001.txt,3,355,False,100,100,3,2,False,False,100,100
Chancellor Gordon Brown's,7,./markedupfiles/005.txt,3,5,False,100,2,100,2,False,True,100,100
March. Ed Balls,23,./markedupfiles/005.txt,3,21,False,100,3,3,3,False,False,100,100
But Mr Balls,42,./markedupfiles/005.txt,3,40,False,100,100,2,1,False,False,100,100
Sir Digby Jones,64,./markedupfiles/005.txt,3,62,True,3,100,3,100,True,False,100,100
Digby Jones CBI,65,./markedupfiles/005.txt,3,63,False,2,100,4,100,False,False,100,100
England's Monetary Policy,188,./markedupfiles/005.txt,3,186,False,100,3,2,3,False,False,2,100
Mr Brown's Budget,265,./markedupfiles/005.txt,3,263,False,3,2,4,3,True,False,100,100
Sir Digby Jones,302,./markedupfiles/005.txt,3,300,True,100,2,1,100,True,False,100,100
"Foreign Secretary. ""I",442,./markedupfiles/005.txt,3,440,False,2,2,4,3,False,False,4,100
Today. Prime Minister,484,./markedupfiles/005.txt,3,482,False,1,100,0,100,False,False,100,100
Prime Minister Tony,485,./markedupfiles/005.txt,3,483,False,0,3,100,3,False,False,100,100
Minister Tony Blair,486,./markedupfiles/005.txt,3,484,False,4,2,100,2,False,False,100,100
Manchester The Labour,4,./markedupfiles/004.txt,3,2,False,1,1,100,1,False,False,100,100
The Labour Party,5,./markedupfiles/004.txt,3,3,False,1,0,100,0,False,False,100,100
National Executive Committee,32,./markedupfiles/004.txt,3,30,False,0,2,2,0,False,False,100,100
Colin Asplin Blackpool,159,./markedupfiles/004.txt,3,157,False,0,100,2,100,False,False,2,100
Asplin Blackpool Hotel,160,./markedupfiles/004.txt,3,158,False,100,3,1,3,False,False,1,100
Blackpool Hotel Association,161,./markedupfiles/004.txt,3,159,False,100,2,0,2,False,False,0,100
