,Unnamed: 0,3.5mm jack,Battery,Card slot,Clock Speed,GPS Support,GPU,ID,Internal Storage,NFC,Name,OS,Price,Primary Camera,Resolution,SIM,Secondary Camera,Sensors,Weight
0,8,Yes,3000.0,"microSD, up to 32 GB (dedicated slot)",Quad-core 1.3 GHz Cortex-A7,Yes,Mali-400MP2,8,"8 GB, 2 GB RAM",,Micromax Canvas Juice 2 AQ5001,Android 5.0 (Lollipop),154.7,"8 MP, autofocus, LED flash","720 x 1280 pixels, 16:9 ratio (~294 ppi density)","Dual SIM (Micro-SIM, dual stand-by)",2 MP,"Accelerometer, proximity",170 g (6.00 oz)
1,93,Yes,3000.0,"microSD, up to 256 GB",Octa-core 2.0 GHz Cortex-A53,Yes,Adreno 506,93,"64 GB, 4 GB RAM or 32 GB, 3 GB RAM",Yes,Motorola Moto G5S Plus,"Android 7.1 (Nougat), planned upgrade to Android 8.0 (Oreo)",249.89999999999998,"Dual: 13 MP, f/2.0, autofocus, dual-LED dual-tone flash, check quality","1080 x 1920 pixels, 16:9 ratio (~401 ppi density)","Single SIM (Nano-SIM) or Dual SIM (Nano-SIM, dual stand-by)","8 MP, f/2.0, LED flash","Fingerprint (front-mounted), accelerometer, gyro, proximity",168 g (5.93 oz)
2,104,Yes,2800.0,"microSD, up to 256 GB (dedicated slot)",Octa-core 1.3 GHz Cortex-A53,Yes,Mali-T720MP3,104,"16 GB, 2 GB RAM - Desire 72816 GB, 1.5 GB RAM - Desire 728G",,HTC Desire 728 dual sim,Android 5.1.1 (Lollipop),285.59999999999997,"13 MP (f/2.2, 28mm), autofocus, LED flash","720 x 1280 pixels, 16:9 ratio (~267 ppi density)","Dual SIM (Nano-SIM, dual stand-by)","5 MP (f/2.8, 34mm), 1080p@30fps","Accelerometer, proximity, compass",153 g (5.40 oz)
3,122,Yes,3050.0,"microSD, up to 64 GB (dedicated slot)",Quad-core 1.3 GHz Cortex-A53,Yes,Mali-T720,122,"16 GB, 3 GB RAM",,Micromax Canvas 2 Q4310,Android 7.0 (Nougat),180.0,"13 MP, f/2.0, autofocus, LED flash","720 x 1280 pixels, 16:9 ratio (~294 ppi density)","Dual SIM (Micro-SIM, dual stand-by)","5 MP, f/2.0","Fingerprint (front-mounted), accelerometer, proximity",160 g (5.64 oz)
4,171,Yes,2100.0,"microSD, up to 32 GB (dedicated slot)",Octa-core 1.7 GHz Cortex-A7,Yes,Mali-450MP4,171,"8 GB, 1 GB RAM",,HTC Desire 620G dual sim,Android 4.4.4 (KitKat),226.1,"8 MP, f/2.4, autofocus, LED flash","720 x 1280 pixels, 16:9 ratio (~294 ppi density)","Dual SIM (Micro-SIM, dual stand-by)","5 MP, 1080p","Accelerometer, proximity",160 g (5.64 oz)
5,236,Yes,2000.0,"microSD, up to 32 GB (dedicated slot)",Octa-core 1.4 GHz Cortex-A7,Yes,Mali-450MP4,236,"4 GB, 1 GB RAM",,HTC Desire 616 dual sim,Android 4.2.2 (Jelly Bean),214.2,"8 MP, autofocus, LED flash, check quality","720 x 1280 pixels, 16:9 ratio (~294 ppi density)",Dual SIM (Mini-SIM/ Micro-SIM),"2 MP, 720p","Accelerometer, proximity",150 g (5.29 oz)
6,251,Yes,3600.0,"microSD, up to 256 GB (dedicated slot)",Octa-core 1.9 GHz Cortex-A53,Yes,Mali-T830MP3,251,"32 GB, 3 GB RAM",Yes,Samsung Galaxy A7 ,"Android 6.0.1 (Marshmallow), upgradable to 7.0 (Nougat)",464.09999999999997,"16 MP (f/1.9, 27mm), autofocus, LED flash, check quality","1080 x 1920 pixels, 16:9 ratio (~386 ppi density)","Single SIM (Nano-SIM) or Dual SIM (Nano-SIM, dual stand-by)","16 MP, f/1.9, 1080p","Fingerprint (front-mounted), accelerometer, gyro, proximity, compass, barometer",186 g (6.56 oz)
7,272,Yes,3600.0,"microSD, up to 256 GB (dedicated slot)",Quad-core (2x2.15 GHz Kryo & 2x1.6 GHz Kryo),Yes,Adreno 530,272,"32 GB, 4 GB RAM",Yes,Samsung Galaxy S7 edge ,Android 6.0 (Marshmallow),440.29999999999995,"12 MP (f/1.7, 26mm, 1/2.5"", 1.4 Âµm, Dual Pixel PDAF), phase detection autofocus, OIS, LED flash","1440 x 2560 pixels, 16:9 ratio (~534 ppi density)",Nano-SIM,"5 MP (f/1.7, 22mm, 1/4.1"", 1.34 Âµm), dual video call, Auto HDR","Fingerprint (front-mounted), accelerometer, gyro, proximity, compass, barometer, heart rate, SpO2",157 g (5.54 oz)
8,296,Yes,5000.0,"microSD, up to 64 GB (uses SIM 2 slot)",Quad-core 1.3 GHz Cortex-A53,Yes,Mali-T720,296,"16 GB, 1 GB RAM",,Micromax Bharat 5,Android 7.0 (Nougat),85.5,"5 MP, LED flash","720 x 1280 pixels, 16:9 ratio (~282 ppi density)","Hybrid Dual SIM (Micro-SIM/Nano-SIM, dual stand-by)","5 MP, LED flash",Accelerometer,170 g (6.00 oz)
9,313,Yes,2600.0,No,Octa-core (4x2.1 GHz Cortex-A57 & 4x1.5 GHz Cortex-A53),Yes,Mali-T760MP8,313,"32/64/128 GB, 3 GB RAM",Yes,Samsung Galaxy S6 edge ,"Android 5.0.2 (Lollipop), upgradable to 5.1 (Lollipop)",595.0,"16 MP (f/1.9, 28mm, 1/2.6"", 1.12 Âµm), OIS, autofocus, LED flash","1440 x 2560 pixels, 16:9 ratio (~576 ppi density)",Nano-SIM,"5 MP (f/1.9, 22mm), 1440p@30fps, dual video call, Auto HDR","Fingerprint (front-mounted), accelerometer, gyro, proximity, compass, barometer, heart rate, SpO2",132 g (4.66 oz)
10,361,Yes,2820.0,"microSD, up to 32 GB",Quad-core 1.2 GHz Cortex-A53,Yes,Adreno 306,361,"16 GB, 2 GB RAM",,Micromax Canvas Play 4G Q469,Android 5.0.2 (Lollipop),,"13 MP, autofocus, LED flash","720 x 1280 pixels, 16:9 ratio (~267 ppi density)",Dual SIM,5 MP,"Accelerometer, proximity, compass",100 g (3.53 oz)
11,392,Yes,2000.0,"microSD, up to 256 GB (dedicated slot)",Quad-core 1.3 GHz Cortex-A7,Yes,Mali-T720,392,"8 GB, 1 GB RAM",No,Samsung Galaxy J2 ,Android 7.0 (Nougat),142.79999999999998,"5 MP, f/2.2, autofocus, LED flash","540 x 960 pixels, 16:9 ratio (~234 ppi density)","Dual SIM (Micro-SIM, dual stand-by)","2 MP, f/2.2","Accelerometer, proximity",130 g (4.59 oz)
12,404,Yes,1100.0,"microSD, up to 32 GB (dedicated slot)",,No,,404,16 MB RAM,,Nokia 222 Dual SIM,,47.599999999999994,2 MP,"240 x 320 pixels, 4:3 ratio (~167 ppi density)",Dual SIM (Mini-SIM),No,,79 g (2.79 oz)
13,462,Yes,2000.0,"microSD, up to 32 GB",Quad-core 1.3 GHz Cortex-A7,Yes,Mali-400MP2,462,"8 GB, 2 GB RAM",,Micromax Canvas Amaze Q395,Android 5.0 (Lollipop),,"13 MP, autofocus, LED flash","720 x 1280 pixels, 16:9 ratio (~294 ppi density)","Dual SIM (Micro-SIM, dual stand-by)",5 MP,"Accelerometer, gyro, proximity, compass",-
14,472,Yes,2000.0,"microSD, up to 32 GB",Octa-core 1.4 GHz Cortex-A7,Yes,Mali-450MP4,472,"8 GB, 1 GB RAM",,Micromax A290 Canvas Knight Cameo,Android 4.4.2 (KitKat),178.5,"8 MP, autofocus, LED flash","720 x 1280 pixels, 16:9 ratio (~312 ppi density)",Dual SIM,"5 MP, 720p","Accelerometer, proximity, compass",123 g (4.34 oz)
15,492,No,3000.0,"microSD, up to 256 GB (uses SIM 2 slot)",Quad-core (2x2.15 GHz Kryo & 2x1.6 GHz Kryo),Yes,Adreno 530,492,"64/128 GB, 4 GB RAM",Yes,HTC U Ultra,"Android 7.0 (Nougat), upgradable to Android 8.0 (Oreo)",368.9,"12 MP (f/1.8, 26mm, 1/2.3"", 1.55 Âµm), OIS, phase detection & laser autofocus, dual-LED dual-tone flash, check quality","1440 x 2560 pixels, 16:9 ratio (~513 ppi density)","Hybrid Dual SIM (Nano-SIM, dual stand-by)","16 MP, 1080p, Auto-HDR","Fingerprint (front-mounted), accelerometer, gyro, proximity, compass",170 g (6.00 oz)
16,497,Yes,1200.0,"microSD, up to 32 GB (dedicated slot)",,No,,497,,,Nokia 225 Dual SIM,,59.5,"2 MP (1/5"")","240 x 320 pixels, 4:3 ratio (~143 ppi density)","Dual SIM (Mini-SIM, dual stand-by)",No,,100.6 g (3.56 oz)
17,515,Yes,2300.0,"microSD, up to 64 GB (dedicated slot)",Quad-core 1.7 GHz Krait 300,Yes,Adreno 320,515,"32 GB, 2 GB RAM",Yes,HTC One Dual Sim,"Android 4.1.2 (Jelly Bean), upgradable to 5.0 (Lollipop)",357.0,"4 MP (1/3"", 2 Âµm), autofocus, OIS, LED flash","1080 x 1920 pixels, 16:9 ratio (~471 ppi density)","Dual SIM (Micro-SIM, dual stand-by)","2.1 MP, 1080p@30fps, HDR","Accelerometer, gyro, proximity, compass",156 g (5.50 oz)
18,529,Yes,5000.0,"microSD, up to 64 GB (uses SIM 2 slot)",Quad-core 1.3 GHz Cortex-A53,Yes,Mali-T720,529,"16 GB, 2 GB RAM",,Micromax Bharat 5 Plus,Android 7.0 (Nougat),108.0,"8 MP, LED flash","720 x 1280 pixels, 16:9 ratio (~282 ppi density)","Hybrid Dual SIM (Micro-SIM/Nano-SIM, dual stand-by)","5 MP, LED flash",Accelerometer,170 g (6.00 oz)
19,540,Yes,2600.0,No,Quad-core 1.2 GHz Cortex-A7,Yes,PowerVR SGX544,540,"16 GB (13 GB user available), 1 GB RAM",,Micromax A240 Canvas Doodle 2,Android 4.2.1 (Jelly Bean),273.7,"12 MP, autofocus, dual-LED flash","720 x 1280 pixels, 16:9 ratio (~258 ppi density)",Dual SIM,5 MP,"Accelerometer, proximity",220 g (7.76 oz)
20,602,Yes,1800.0,"microSD, up to 32 GB",Quad-core 1.1 GHz,Yes,,602,"8 GB, 1 GB RAM",,Micromax Spark Vdeo Q415,Android 6.0 (Marshmallow),71.39999999999999,"5 MP, LED flash","480 x 854 pixels, 16:9 ratio (~218 ppi density)","Dual SIM (Micro-SIM, dual stand-by)",2 MP,Accelerometer,140 g (4.94 oz)
21,705,Yes,2800.0,"microSD, up to 256 GB (dedicated slot)",Octa-core 1.5 GHz Cortex-A53,Yes,Mali-T720MP3,705,"16 GB, 2 GB RAM",,HTC Desire 828 dual sim,Android 5.1 (Lollipop),297.5,"13 MP, f/2.2, autofocus, OIS, LED flash","1080 x 1920 pixels, 16:9 ratio (~401 ppi density)","Dual SIM (Nano-SIM, dual stand-by)","4 MP (f/2.0, 27mm, 1/3"", 2 Âµm), 1080p@30fps, HDR","Accelerometer, proximity, compass",-
22,850,Yes,3000.0,"microSD, up to 256 GB",Octa-core 2.0 GHz Cortex-A53,Yes,Adreno 506,850,"32/64 GB, 2/4 GB RAM; 32 GB, 3 GB RAM",Yes,Motorola Moto G5 Plus,"Android 7.0 (Nougat), upgradable to Android 8.0 (Oreo)",297.5,"12 MP (f/1.7, Dual Pixel PDAF), phase detection autofocus, dual-LED dual-tone flash","1080 x 1920 pixels, 16:9 ratio (~424 ppi density)","Single SIM (Nano-SIM) or Dual SIM (Nano-SIM, dual stand-by)","5 MP, f/2.2","Fingerprint (front-mounted), accelerometer, gyro, proximity, compass (USA model only)",155 g (5.47 oz)
23,865,Yes,2500.0,"microSD, up to 32 GB",Quad-core 1.3 GHz Cortex-A7,Yes,Mali-400MP2,865,"8 GB, 1 GB RAM",,Micromax Canvas Selfie 4,Android 6.0 (Marshmallow),,"8 MP, autofocus, LED flash","720 x 1280 pixels, 16:9 ratio (~294 ppi density)","Dual SIM (Micro-SIM, dual stand-by)","8 MP, LED flash","Accelerometer, proximity",-
24,905,Yes,3300.0,"microSD, up to 256 GB (dedicated slot)",Octa-core (4x1.6 GHz Cortex-A53 & 4x1.0 GHz Cortex-A53)Octa-core 1.6 GHz Cortex-A53,Yes,Adreno 405Mali-T830 MP1,905,"16 GB, 2 GB RAM",Yes,Samsung Galaxy J7 ,"Android 6.0.1 (Marshmallow), upgradable to 7.0 (Nougat)",273.7,"13 MP (f/1.9, 28mm), autofocus, LED flash, check quality","720 x 1280 pixels, 16:9 ratio (~267 ppi density)","Single SIM (Micro-SIM) or Dual SIM (Micro-SIM, dual stand-by)","5 MP, f/1.9, LED flash","Accelerometer, proximity",170 g (6.00 oz)
25,915,Yes,2000.0,"microSD, up to 32 GB",Quad-core 1.3 GHz Cortex-A7,Yes,,915,"8 GB, 1 GB RAM",,Micromax Bolt Q381,Android 5.1 (Lollipop),,5 MP,"480 x 854 pixels, 16:9 ratio (~196 ppi density)","Dual SIM (Micro-SIM/ Mini-SIM, dual stand-by)",VGA,Accelerometer,-
26,920,Yes,1300.0,"microSD, up to 32 GB",Quad-core 1.3 GHz,Yes,,920,"4 GB, 512 MB RAM",,Micromax Bharat 2 Ultra,Android 6.0 (Marshmallow),43.5,"2 MP, LED flash","480 x 800 pixels, 5:3 ratio (~233 ppi density)","Dual SIM (Micro-SIM, dual stand-by)",VGA,Accelerometer,120 g (4.23 oz)
27,958,Yes,1800.0,"microSD, up to 32 GB",Quad-core 1.3 GHz Cortex-A7,Yes,Mali-400MP2,958,"4 GB, 768 MB RAM",,Micromax Canvas Spark 2 Q334,Android 5.1 (Lollipop),,"5 MP, LED flash","480 x 854 pixels, 16:9 ratio (~196 ppi density)",Dual SIM,2 MP,"Accelerometer, proximity",154 g (5.43 oz)
28,966,Yes,3220.0,"microSD, up to 256 GB (dedicated slot)",Quad-core 2.7 GHz Krait 450,Yes,Adreno 420,966,"32 GB, 3 GB RAM",Yes,Samsung Galaxy Note 4 ,"Android 4.4.4 (KitKat), upgradable to 6.0.1 (Marshmallow)",297.5,"16 MP (f/2.2, 31mm, 1/2.6"", 1.12 Âµm), OIS, autofocus, LED flash","1440 x 2560 pixels, 16:9 ratio (~518 ppi density)",Micro-SIM,"3.7 MP (f/1.9, 22mm), 1440p@30fps, 1080p (HDR)","Fingerprint (front-mounted), accelerometer, gyro, proximity, compass, barometer, gesture, UV, heart rate, SpO2",176 g (6.21 oz)
29,1001,Yes,2400.0,"microSD, up to 32 GB",Octa-core 1.4 GHz Cortex-A7,Yes,Mali-450MP4,1001,"16 GB, 2 GB RAM",,Micromax Canvas Nitro 2 E311,Android 4.4.2 (KitKat),178.5,"13 MP, autofocus, LED flash","720 x 1280 pixels, 16:9 ratio (~294 ppi density)",Dual SIM,5 MP,"Accelerometer, proximity",143 g (5.04 oz)
30,1014,Yes,3300.0,"microSD, up to 256 GB (dedicated slot)",Octa-core 1.6 GHz Cortex-A53,Yes,Mali-T830 MP1,1014,"32 GB, 3 GB RAM",,Samsung Galaxy J7 Prime 2,Android 7.0 (Nougat),238.0,"13 MP (f/1.9, 28mm), autofocus, LED flash","1080 x 1920 pixels, 16:9 ratio (~401 ppi density)","Single SIM (Nano-SIM) or Dual SIM (Nano-SIM, dual stand-by)","13 MP, f/1.9, 1080p","Fingerprint (front-mounted), accelerometer, proximity",170 g (6.00 oz)
31,1059,Yes,2600.0,"microSD, up to 256 GB (dedicated slot)",Quad-core 1.6 GHz Cortex-A7,Yes,Adreno 305,1059,"8 GB, 1.5 GB RAM",,HTC Desire 816 dual sim,"Android 4.4.2 (KitKat), upgradable to 6.0 (Marshmallow)",297.5,"13 MP, autofocus, LED flash","720 x 1280 pixels, 16:9 ratio (~267 ppi density)","Dual SIM (Nano-SIM, dual stand-by)","5 MP, 1080p","Accelerometer, proximity, compass",165 g (5.82 oz)
32,1084,Yes,3000.0,"microSD, up to 256 GB (dedicated slot)",Octa-core 1.6 GHz Cortex-A53,Yes,Mali-T830 MP1,1084,"16 GB, 2 GB RAM",,Samsung Galaxy J7 Nxt,Android 7.0 (Nougat),214.2,"13 MP (f/1.9, 28mm), autofocus, LED flash","720 x 1280 pixels, 16:9 ratio (~267 ppi density)","Dual SIM (Micro-SIM, dual stand-by)","5 MP (f/2.2, 23mm), LED flash","Accelerometer, proximity",170 g (6.00 oz)
33,1106,Yes,2000.0,"microSD, up to 32 GB",Quad-core 1.3 GHz Cortex-A53,Yes,Mali-T720,1106,"8 GB, 1 GB RAM",,Micromax Bharat 3 Q437,Android 7.0 (Nougat),67.5,"5 MP, LED flash","480 x 854 pixels, 16:9 ratio (~218 ppi density)","Dual SIM (Micro-SIM, dual stand-by)","2 MP, LED flash",Accelerometer,130 g (4.59 oz)
34,1113,Yes,2100.0,"microSD, up to 32 GB",Octa-core 1.3 GHz,Yes,,1113,"16 GB, 3 GB RAM",,Micromax Canvas Pulse 4G E451,Android 5.1 (Lollipop),154.7,"13 MP, autofocus, LED flash","720 x 1280 pixels, 16:9 ratio (~294 ppi density)",Dual SIM,5 MP,"Accelerometer, proximity",128 g (4.52 oz)
35,1136,Yes,3600.0,"microSD, up to 256 GB (dedicated slot)",Octa-core 1.6 GHz Cortex-A53,Yes,Mali-T830 MP1,1136,"32/64 GB, 3 GB RAM",Yes,Samsung Galaxy J7 Pro,Android 7.0 (Nougat),309.4,"13 MP, f/1.7, autofocus, LED flash, check quality","1080 x 1920 pixels, 16:9 ratio (~401 ppi density)","Single SIM (Nano-SIM) or Dual SIM (Nano-SIM, dual stand-by)","13 MP, f/1.9, LED flash, 1080p","Fingerprint (front-mounted), accelerometer, gyro, proximity, compass",181 g (6.38 oz)
36,1152,Yes,1600.0,"microSD, up to 32 GB",,Yes,,1152,"8 GB, 1 GB RAM",,Micromax Bharat 2+,Android 7.0 (Nougat),59.5,"5 MP, LED flash","480 x 800 pixels, 5:3 ratio (~233 ppi density)","Dual SIM (Micro-SIM, dual stand-by)",2 MP,Accelerometer,120 g (4.23 oz)
37,1184,Yes,2600.0,"microSD, up to 256 GB (dedicated slot)",Quad-core 1.2 GHz Cortex-A53,Yes,Adreno 306,1184,"16 GB, 2 GB RAM",Yes,Samsung Galaxy J3 Pro,Android 5.1 (Lollipop),154.7,"8 MP, f/2.2, autofocus, LED flash","720 x 1280 pixels, 16:9 ratio (~294 ppi density)","Dual SIM (Micro-SIM, dual stand-by)","5 MP, f/2.2","Accelerometer, proximity",139 g (4.90 oz)
38,1205,Yes,2600.0,"microSD, up to 32 GB (dedicated slot)",Octa-core 1.7 GHz Cortex-A7,Yes,Mali-450MP4,1205,"16 GB, 1 GB RAM",,HTC Desire 820G+ dual sim,Android OS,214.2,"13 MP (f/2.2, 28mm), autofocus, LED flash","720 x 1280 pixels, 16:9 ratio (~267 ppi density)","Dual SIM (Nano-SIM, dual stand-by)","8 MP, f/2.3, 1080p","Accelerometer, proximity, compass",154.5 g (5.47 oz)
39,1224,Yes,2600.0,"microSD, up to 32 GB (dedicated slot)",Quad-core 1.3 GHz Cortex-A7 - India modelOcta-core 1.7 GHz - SEA model,Yes,Mali-400MP2 - India model,1224,"8 GB (India model), 16 GB (SEA model), 1 GB RAM",,HTC Desire 816G dual sim,Android 4.4.2 (KitKat),309.4,"13 MP, f/2.2, autofocus, LED flash","720 x 1280 pixels, 16:9 ratio (~267 ppi density)","Dual SIM (Nano-SIM, dual stand-by)","5 MP, 1080p","Accelerometer, proximity, compass",158 g (5.57 oz)
40,1241,Yes,4000.0,"microSD, up to 256 GB (dedicated slot)",Quad-core (2x2.15 GHz Kryo & 2x1.6 GHz Kryo),Yes,Adreno 530,1241,"32 GB, 4 GB RAM",Yes,Samsung Galaxy S7 active,"Android 6.0 (Marshmallow), upgradable to 7.0 (Nougat)",428.4,"12 MP (f/1.7, 26mm, 1/2.5"", 1.4 Âµm, Dual Pixel PDAF), phase detection autofocus, OIS, LED flash","1440 x 2560 pixels, 16:9 ratio (~576 ppi density)",Nano-SIM,"5 MP (f/1.7, 22mm, 1/4.1"", 1.34 Âµm), dual video call, Auto HDR","Fingerprint (front-mounted), accelerometer, gyro, proximity, compass, barometer, heart rate, SpO2",184.8 g (6.53 oz)
41,1289,Yes,3600.0,"microSD, up to 256 GB (dedicated slot)",Octa-core 1.6 GHz Cortex-A53,Yes,Mali-T830 MP1,1289,"16 GB, 3 GB RAM",Yes,Samsung Galaxy J7 ,Android 7.0 (Nougat),273.7,"13 MP, f/1.7, autofocus, LED flash, check quality","1080 x 1920 pixels, 16:9 ratio (~401 ppi density)","Dual SIM (Nano-SIM, dual stand-by)","13 MP, f/1.9, LED flash, 1080p","Fingerprint (front-mounted), accelerometer, gyro, proximity, compass",181 g (6.38 oz)
42,1308,Yes,2000.0,"microSD, up to 8 GB",,No,,1308,,,Celkon C9 Jumbo,,,1.3 MP,"240 x 320 pixels, 4:3 ratio (~167 ppi density)",Dual SIM,No,,-
43,1326,Yes,2500.0,"microSD, up to 32 GB",Quad-core 1.3 GHz Cortex-A53,Yes,Mali-T720,1326,"16 GB, 3 GB RAM",,Micromax Bharat 4 Q440,Android 7.0 (Nougat),75.0,"5 MP, LED flash","720 x 1280 pixels, 16:9 ratio (~294 ppi density)","Dual SIM (Micro-SIM, dual stand-by)","5 MP, LED flash",Accelerometer,150 g (5.29 oz)
44,1344,Yes,3000.0,"microSD, up to 256 GB (dedicated slot)",Octa-core (4x1.4 GHz Cortex-A53 & 4x1.0 GHz Cortex-A53)Octa-core 1.5 GHz Cortex-A53,Yes,Adreno 405Mali-T720MP2,1344,"16 GB, 1.5 GB RAM",Yes,Samsung Galaxy J7,"Android 5.1 (Lollipop), upgradable to 6.0.1 (Marshmallow)",238.0,"13 MP (f/1.9, 28mm), autofocus, LED flash, check quality","720 x 1280 pixels, 16:9 ratio (~267 ppi density)","Single SIM (Micro-SIM) or Dual SIM (Micro-SIM, dual stand-by)","5 MP (f/2.2, 23mm), LED flash","Accelerometer, proximity",171 g (6.03 oz)
45,1385,Yes,2000.0,"microSD, up to 32 GB",Octa-core 1.7 GHz Cortex-A7,Yes,Mali-450MP4,1385,"16 GB, 1 GB RAM",,Micromax Canvas 4 Plus A315,Android 4.4.2 (KitKat),,"13 MP, autofocus, LED flash","720 x 1280 pixels, 16:9 ratio (~294 ppi density)",Dual SIM,5 MP,"Accelerometer, proximity",-
46,1392,Yes,3500.0,"microSD, up to 400 GB (uses SIM 2 slot) - dual SIM model only",Octa-core (4x2.7 GHz Mongoose M3 & 4x1.8 GHz Cortex-A55) - EMEAOcta-core (4x2.7 GHz Kryo 385 Gold & 4x1.7 GHz Kryo 385 Silver) - USA & China,Yes,Mali-G72 MP18 - EMEAAdreno 630 - USA & China,1392,"64/128/256 GB, 6 GB RAM",Yes,Samsung Galaxy S9+,Android 8.0 (Oreo),1178.1,"Dual: 12 MP (f/1.5-2.4, 26mm, 1/2.55"", 1.4 Âµm, Dual Pixel PDAF) + 12MP (f/2.4, 52mm, 1/3.6"", 1 Âµm, AF), OIS, phase detection autofocus, 2x optical zoom, LED flash, check quality","1440 x 2960 pixels, 18.5:9 ratio (~529 ppi density)","Single SIM (Nano-SIM) or Hybrid Dual SIM (Nano-SIM, dual stand-by)","8 MP (f/1.7, 25mm, 1/3.6"", 1.22 Âµm), autofocus, 1440p@30fps, dual video call, Auto HDR","Iris scanner, fingerprint (rear-mounted), accelerometer, gyro, proximity, compass, barometer, heart rate, SpO2",189 g (6.67 oz)
47,1408,Yes,2600.0,"microSD, up to 256 GB (dedicated slot)",Quad-core 1.2 GHz Cortex-A53,Yes,Adreno 306,1408,"16 GB, 1 GB RAM",,HTC Desire 820q dual sim,Android 4.4.2 (KitKat),309.4,"13 MP, autofocus, LED flash","720 x 1280 pixels, 16:9 ratio (~267 ppi density)","Dual SIM (Nano-SIM, dual stand-by)","8 MP, 1080p","Accelerometer, proximity, compass",155 g (5.47 oz)
48,1458,Yes,3220.0,"microSD, up to 256 GB (dedicated slot)",Quad-core 2.7 GHz Krait 450 - Snapdragon 805Octa-core (4x1.3 GHz Cortex-A53 & 4x1.9 GHz Cortex-A57) - Exynos 5433,Yes,Adreno 420 (Snapdragon 805)Mali-T760 MP6 (Exynos 5433),1458,"32 GB, 3 GB RAM",Yes,Samsung Galaxy Note 4,"Android 4.4.4 (KitKat), upgradable to 6.0.1 (Marshmallow)",416.5,"16 MP (f/2.2, 31mm, 1/2.6"", 1.12 Âµm), OIS, autofocus, LED flash, check quality","1440 x 2560 pixels, 16:9 ratio (~518 ppi density)",Micro-SIM,"3.7 MP (f/1.9, 22mm), 1440p@30fps, 1080p (HDR)","Fingerprint (front-mounted), accelerometer, gyro, proximity, compass, barometer, gesture, UV, heart rate, SpO2",176 g (6.21 oz)
49,1463,Yes,3000.0,No,Octa-core (4x2.1 GHz Cortex-A57 & 4x1.5 GHz Cortex-A53),Yes,Mali-T760MP8,1463,"32/64 GB, 4 GB RAM",Yes,Samsung Galaxy S6 edge+ ,Android 5.1.1 (Lollipop),654.5,"16 MP (f/1.9, 28mm, 1/2.6"", 1.12 Âµm), OIS, autofocus, LED flash","1440 x 2560 pixels, 16:9 ratio (~515 ppi density)",Nano-SIM,"5 MP (f/1.9, 22mm), 1440p@30fps, dual video call, Auto HDR","Fingerprint (front-mounted), accelerometer, gyro, proximity, compass, barometer, heart rate, SpO2",153 g (5.40 oz)
50,1474,Yes,4000.0,"microSD, up to 32 GB",Quad-core 1.3 GHz Cortex-A7,Yes,Mali-400MP2,1474,"8 GB, 2 GB RAM",,Micromax Canvas Juice 3 Q392,Android 5.1 (Lollipop),,"8 MP, autofocus, LED flash","720 x 1280 pixels, 16:9 ratio (~294 ppi density)",Dual SIM,2 MP,"Accelerometer, proximity",150 g (5.29 oz)
51,1475,Yes,2000.0,"microSD, up to 32 GB",Quad-core 1.2 GHz Cortex-A7,Yes,Adreno 302,1475,"4 GB, 1 GB RAM",,Micromax A121 Canvas Elanza 2,Android 4.3 (Jelly Bean),142.79999999999998,"8 MP, autofocus, LED flash","720 x 1280 pixels, 16:9 ratio (~294 ppi density)",Dual SIM,2 MP,"Accelerometer, proximity",159 g (5.61 oz)
52,1511,Yes,3000.0,"microSD, up to 128 GB (dedicated slot)",Octa-core 1.4 GHz Cortex-A53,Yes,Adreno 505,1511,"64 GB, 4 GB RAM",,Micromax Canvas Infinity Pro,Android 8.0 (Oreo),210.0,"16 MP, f/2.0, autofocus, LED flash","720 x 1440 pixels, 18:9 ratio (~282 ppi density)","Dual SIM (Micro-SIM, dual stand-by)",Dual 20 MP (f/2.0) + 8 MP (f/2.2),"Fingerprint (rear-mounted), accelerometer, proximity",-
53,1520,Yes,5000.0,"microSD, up to 256 GB (dedicated slot)",Octa-core (4x1.8 GHz Cortex-A72 & 4x1.4 GHz Cortex-A53),Yes,Adreno 510,1520,"32 GB, 4 GB RAM",Yes,Samsung Galaxy A9 Pro ,"Android 6.0.1 (Marshmallow), upgradable to 7.0 (Nougat)",476.0,"16 MP (f/1.9, 1/2.8""), autofocus, OIS, LED flash","1080 x 1920 pixels, 16:9 ratio (~367 ppi density)","Single SIM (Nano-SIM) or Dual SIM (Nano-SIM, dual stand-by)","8 MP, f/1.9, 1080p","Fingerprint (front-mounted), accelerometer, proximity, compass",210 g (7.41 oz)
54,1561,Yes,2000.0,"microSD, up to 64 GB",Quad-core 1.3 GHz Cortex-A7,Yes,Mali-400MP2,1561,"8 GB, 1 GB RAM",,Micromax Bolt supreme 4 Q352,Android 6.0 (Marshmallow),,"8 MP, autofocus, LED flash","720 x 1280 pixels, 16:9 ratio (~294 ppi density)","Dual SIM (Mini-SIM/ Micro-SIM, dual stand-by)",5 MP,Accelerometer,-
55,1586,Yes,2000.0,"microSD, up to 32 GB",Quad-core 1.3 GHz,Yes,,1586,"8 GB, 1 GB RAM",,Micromax Canvas Spark 4G Q4201,Android 6.0 (Marshmallow),83.3,"5 MP, autofocus, LED flash","480 x 854 pixels, 16:9 ratio (~196 ppi density)",Dual SIM,2 MP,Accelerometer,165 g (5.82 oz)
56,1625,Yes,3000.0,"microSD, up to 400 GB (uses SIM 2 slot) - dual SIM model only",Octa-core (4x2.7 GHz Mongoose M3 & 4x1.8 GHz Cortex-A55) - EMEAOcta-core (4x2.7 GHz Kryo 385 Gold & 4x1.7 GHz Kryo 385 Silver) - USA & China,Yes,Mali-G72 MP18 - EMEAAdreno 630 - USA & China,1625,"64/128/256 GB, 4 GB RAM",Yes,Samsung Galaxy S9,Android 8.0 (Oreo),999.5999999999999,"12 MP (f/1.5-2.4, 26mm, 1/2.5"", 1.4 Âµm, Dual Pixel PDAF), phase detection autofocus, OIS, LED flash, check quality","1440 x 2960 pixels, 18.5:9 ratio (~570 ppi density)","Single SIM (Nano-SIM) or Hybrid Dual SIM (Nano-SIM, dual stand-by)","8 MP (f/1.7, 25mm, 1/3.6"", 1.22 Âµm), autofocus, 1440p@30fps, dual video call, Auto HDR","Iris scanner, fingerprint (rear-mounted), accelerometer, gyro, proximity, compass, barometer, heart rate, SpO2",163 g (5.75 oz)
57,1647,Yes,2600.0,"microSD, up to 32 GB (dedicated slot)",Octa-core 1.7 GHz Cortex-A53,Yes,Mali-T760MP2,1647,"16 GB, 2 GB RAM",,HTC Desire 820s dual sim,Android 4.4.4 (KitKat),440.29999999999995,"13 MP, autofocus, LED flash","720 x 1280 pixels, 16:9 ratio (~267 ppi density)","Dual SIM (Nano-SIM, dual stand-by)","8 MP, 1080p","Accelerometer, proximity, compass",155 g (5.47 oz)
58,1671,Yes,3000.0,No,Octa-core (4x2.1 GHz Cortex-A57 & 4x1.5 GHz Cortex-A53),Yes,Mali-T760MP8,1671,"32/64 GB, 4 GB RAM",Yes,Samsung Galaxy S6 edge+,"Android 5.1.1 (Lollipop), upgradable to 7.0 (Nougat)",630.6999999999999,"16 MP (f/1.9, 28mm, 1/2.6"", 1.12 Âµm), OIS, autofocus, LED flash, check quality","1440 x 2560 pixels, 16:9 ratio (~518 ppi density)",Nano-SIM,"5 MP (f/1.9, 22mm), 1440p@30fps, dual video call, Auto HDR","Fingerprint (front-mounted), accelerometer, gyro, proximity, compass, barometer, heart rate, SpO2",153 g (5.40 oz)
59,1682,Yes,2300.0,"microSD, up to 32 GB",Quad-core 1.3 GHz Cortex-A7,Yes,Mali-400MP2,1682,"8 GB, 1 GB RAM",,Micromax Canvas Selfie 3 Q348,Android 5.0 (Lollipop),,"8 MP, autofocus, LED flash","720 x 1280 pixels, 16:9 ratio (~306 ppi density)",Dual SIM,"8 MP, LED flash","Accelerometer, proximity",110 g (3.88 oz)
60,1683,Yes,2000.0,"microSD, up to 32 GB",Quad-core 1.3 GHz Cortex-A7,Yes,Mali-400MP2,1683,"4 GB, 1 GB RAM",,Micromax A120 Canvas 2 Colors,Android 4.2 (Jelly Bean),130.9,"8 MP, autofocus, LED flash","720 x 1280 pixels, 16:9 ratio (~294 ppi density)",Dual SIM,2 MP,"Accelerometer, proximity",168 g (5.93 oz)
61,1689,Yes,3200.0,"microSD, up to 64 GB (dedicated slot)","Quad-core 2.3 GHz Krait 400 - N9005, N9002Octa-core (4x1.9 GHz Cortex-A15 & 4x1.3 GHz Cortex-A7) - N9000",Yes,"Adreno 330 - N9005, N9002Mali-T628 MP6 - N9000",1689,"16/32/64 GB, 3 GB RAM",Yes,Samsung Galaxy Note 3,"Android 4.3 (Jelly Bean), upgradable to 4.4.2 (KitKat), upgradable to 5.0 (Lollipop)",499.79999999999995,"13 MP (f/2.2, 31mm, 1/3"", 1.12 Âµm), autofocus, LED flash, check quality","1080 x 1920 pixels, 16:9 ratio (~386 ppi density)",Micro-SIM,"2 MP (f/2.4, 27mm), 1080p@30fps","Accelerometer, gyro, proximity, compass, barometer, temperature, humidity, gesture",168 g (5.93 oz)
62,1733,Yes,2000.0,"microSD, up to 32 GB",Quad-core 1.3 GHz Cortex-A7,Yes,Mali-400MP2,1733,"8 GB, 1 GB RAM",,Micromax Canvas Spark 2 Plus Q350,Android 6.0 (Marshmallow),59.5,"5 MP, LED flash","480 x 854 pixels, 16:9 ratio (~196 ppi density)",Dual SIM,2 MP,"Accelerometer, proximity",-
63,1753,Yes,2600.0,"microSD, up to 256 GB (dedicated slot)",Octa-core (4x1.7 GHz Cortex-A53 & 4x1.0 GHz Cortex-A53),Yes,Adreno 405,1753,"16 GB, 2 GB RAM",Yes,HTC Desire 820 dual sim,Android 4.4.2 (KitKat),380.79999999999995,"13 MP, autofocus, LED flash","720 x 1280 pixels, 16:9 ratio (~267 ppi density)","Dual SIM (Nano-SIM, dual stand-by)","8 MP, 1080p","Accelerometer, proximity, compass",155 g (5.47 oz)
64,1775,Yes,2600.0,"microSD, up to 256 GB (uses SIM 2 slot) - dual SIM model only",Quad-core 1.4 GHz Cortex-A53,Yes,Mali-T720MP2,1775,"8 GB, 1.5 GB RAM",,Samsung Galaxy J2 Prime,Android 6.0 (Marshmallow),154.7,"8 MP, f/2.2, autofocus, LED flash","540 x 960 pixels, 16:9 ratio (~220 ppi density)","Single SIM (Micro-SIM) or Hybrid Dual SIM (Micro-SIM, dual stand-by)","5 MP, f/2.2, LED flash","Accelerometer, proximity",160 g (5.64 oz)
65,1906,Yes,2980.0,"microSD, up to 128 GB (dedicated slot)",Quad-core 1.4 GHz Cortex-A53,Yes,Adreno 308,1906,"32 GB, 3 GB RAM",,Micromax Canvas Infinity,"Android 7.1.2 (Nougat), planned upgrade to Android 8.0 (Oreo)",150.0,"13 MP (f/2.0, 1/3"", 1.12 Âµm), autofocus, LED flash","720 x 1440 pixels, 18:9 ratio (~279 ppi density)","Dual SIM (Micro-SIM, dual stand-by)","16 MP, f/2.0, autofocus, LED flash, 1080p","Fingerprint (rear-mounted), accelerometer, proximity",160 g (5.64 oz)
66,1926,Yes,5000.0,"microSD, up to 128 GB",Quad-core 1.4 GHz Cortex-A53,Yes,Adreno 308,1926,"16/32 GB, 2 GB RAM",,Motorola Moto E4 Plus ,Android 7.1 (Nougat),,"13 MP (f/2.0, 1.12 Âµm), autofocus, LED flash","720 x 1280 pixels, 16:9 ratio (~267 ppi density)",Nano-SIM,"5 MP (f/2.2, 1.4 Âµm), LED flash","Fingerprint (front-mounted), accelerometer, proximity, compass",181 g (6.38 oz)
67,1932,Yes,2000.0,"microSD, up to 256 GB (dedicated slot)",Quad-core 1.3 GHz Cortex-A7,Yes,Mali-T720,1932,"8 GB, 1 GB RAM",Yes,Samsung Galaxy J2,Android 5.1.1 (Lollipop),178.5,"5 MP, f/2.2, autofocus, LED flash, check quality","540 x 960 pixels, 16:9 ratio (~234 ppi density)","Single SIM (Micro-SIM) or Dual SIM (Micro-SIM, dual stand-by)","2 MP, f/2.2","Accelerometer, proximity",129 g (4.55 oz)
68,1940,Yes,2000.0,"microSD, up to 32 GB",Quad-core 1.0 GHz Cortex-A53,Yes,Mali-T720MP2,1940,"8 GB, 1 GB RAM",,Micromax Canvas Fire 4G Plus Q412,Android 5.1 (Lollipop),107.1,"8 MP, f/2.0, autofocus, LED flash","720 x 1280 pixels, 16:9 ratio (~312 ppi density)","Dual SIM (Micro-SIM, dual stand-by)",5 MP,"Accelerometer, proximity",-
69,1950,Yes,2600.0,"microSD, up to 64 GB (uses SIM 2 slot)",Octa-core (4x1.5 GHz Cortex-A53 & 4x1.0 GHz Cortex-A53),Yes,Adreno 405,1950,"16 GB, 2 GB RAM",Yes,Samsung Galaxy A7 Duos,Android 4.4.4 (KitKat),357.0,"13 MP (f/2.0, 28mm), autofocus, LED flash","1080 x 1920 pixels, 16:9 ratio (~401 ppi density)","Hybrid Dual SIM (Nano-SIM, dual stand-by)","5 MP (f/2.2, 23mm), 1080p","Accelerometer, proximity, compass",141 g (4.97 oz)
70,2030,Yes,1200.0,"microSD, up to 32 GB (dedicated slot), 4 GB card included",,No,,2030,,,Nokia Asha 503 Dual SIM,"Nokia Asha software platform 1.2, upgradable to 1.4",119.0,"5 MP, LED flash","240 x 320 pixels, 4:3 ratio (~133 ppi density)","Dual SIM (Micro-SIM, dual stand-by)",No,"Accelerometer, proximity",111.4 g (3.92 oz)
71,2038,Yes,2000.0,"microSD, up to 32 GB",Quad-core 1.3 GHz Cortex-A53,Yes,Mali-T720MP2,2038,"16 GB, 2 GB RAM",,Micromax Canvas 5 Lite Q462,Android 5.1 (Lollipop),,"8 MP, autofocus, LED flash","720 x 1280 pixels, 16:9 ratio (~294 ppi density)",Dual SIM,5 MP,"Accelerometer, proximity",151 g (5.33 oz)
72,2044,Yes,2600.0,"microSD, up to 256 GB (dedicated slot)",Quad-core 1.5 GHz Cortex-A7Quad-core 1.3 GHz Cortex-A7 - USA,Yes,Mali-400Mali-T720 - USA,2044,"8/16 GB, 1.5/2 GB RAM",Yes,Samsung Galaxy J3 ,"Android 5.1.1 (Lollipop) or Android 6.0 (Marshmallow), upgradable to 7.1.1 (Nougat)",142.79999999999998,"8 MP, f/2.2, autofocus, LED flash5 MP, f/2.2, autofocus, LED flash - USA, check quality","720 x 1280 pixels, 16:9 ratio (~294 ppi density)","Single SIM (Micro-SIM) or Dual SIM (Micro-SIM, dual stand-by)Nano-SIM (USA models only)","5 MP, f/2.2, 720p@30fps2 MP - USA","Accelerometer, proximity",138 g (4.87 oz)
73,2072,Yes,2200.0,"microSD, up to 256 GB (dedicated slot)",Octa-core 1.3 GHz Cortex-A53,Yes,Mali-T720MP3,2072,"32 GB, 3 GB RAM",,HTC Desire 628,Android 5.1 (Lollipop),238.0,"13 MP (f/2.0, 28mm), autofocus, LED flash","720 x 1280 pixels, 16:9 ratio (~294 ppi density)","Dual SIM (Nano-SIM, dual stand-by)","5 MP (f/2.4, 28mm), 1080p","Accelerometer, proximity",142 g (5.01 oz)
74,2105,Yes,2600.0,"microSD, up to 64 GB (dedicated slot)",Octa-core (4x1.5 GHz Cortex-A53 & 4x1.0 GHz Cortex-A53) - A700FDOcta-core (4x1.8 Cortex-A15 GHz & 4x1.3 Cortex-A7 GHz) - A700F,Yes,Adreno 405 - A700FDMali-T628 MP6 - A700F,2105,"16 GB, 2 GB RAM",Yes,Samsung Galaxy A7,"Android 4.4.4 (KitKat), upgradable to 5.0.2 (Lollipop)",357.0,"13 MP (f/2.0, 28mm), autofocus, LED flash, check quality","1080 x 1920 pixels, 16:9 ratio (~401 ppi density)",Nano-SIM,"5 MP (f/2.2, 23mm), 1080p","Accelerometer, proximity, compass",141 g (4.97 oz)
75,2108,Yes,2600.0,"microSD, up to 256 GB (dedicated slot)",Quad-core 1.3 GHz Cortex-A7,Yes,Mali-T720,2108,"8 GB, 1.5 GB RAM",,Samsung Galaxy On5,Android 5.1 (Lollipop)Android 6.0 (Marshmallow) - T-Mobile,166.6,"8 MP, f/2.2, autofocus, LED flash","720 x 1280 pixels, 16:9 ratio (~288 ppi density)","Dual SIM (Micro-SIM, dual stand-by)","5 MP, f/2.2","Accelerometer, proximity",149 g (5.26 oz)
76,2115,Yes,2500.0,"microSD, up to 32 GB",Quad-core 1.3 GHz Cortex-A53,Yes,Mali-T720MP2,2115,"16 GB, 3 GB RAM",,Micromax Canvas Mega 4G Q417,Android 5.1 (Lollipop),178.5,"13 MP, autofocus, LED flash","720 x 1280 pixels, 16:9 ratio (~267 ppi density)","Dual SIM (Micro-SIM/ Mini-SIM, dual stand-by)",5 MP,"Accelerometer, proximity",145 g (5.11 oz)
77,2121,Yes,2000.0,"microSD, up to 64 GB (dedicated slot)",Quad-core 1.6 GHz,Yes,,2121,"8 GB (2.8 GB user available), 2 GB RAM",Yes,Samsung Galaxy Camera 2 GC200,Android 4.3 (Jelly Bean),392.7,"16.3 MP (1/2.3""), autofocus, 21x optical zoom, OIS, pop-up Xenon flash, AF light","720 x 1280 pixels, 16:9 ratio (~306 ppi density)",No,No,"Accelerometer, gyro, compass",283 g (9.98 oz)
78,2124,Yes,5000.0,"microSD, up to 128 GB (dedicated slot)",Quad-core 1.3 GHz Cortex-A53,Yes,Mali-T720,2124,"16/32 GB, 3 GB RAM",Yes,Motorola Moto E4 Plus,Android 7.1.1 (Nougat),166.6,"13 MP (f/2.0, 1.12 Âµm), autofocus, LED flash","720 x 1280 pixels, 16:9 ratio (~267 ppi density)","Single SIM (Nano-SIM) or Dual SIM (Nano-SIM, dual stand-by)","5 MP (f/2.2, 1.4 Âµm), LED flash","Fingerprint (front-mounted, region dependent), accelerometer, proximity",198 g (6.98 oz)
79,2139,Yes,3300.0,"microSD, up to 256 GB (dedicated slot)",Octa-core (4x2.35 GHz Cortex-A53 & 4x1.65 GHz Cortex-A53),Yes,Mali-T880MP2,2139,"32 GB, 4 GB RAM",,Samsung Galaxy J7 Max,Android 7.0 (Nougat),297.5,"13 MP, f/1.7, autofocus, LED flash","1080 x 1920 pixels, 16:9 ratio (~386 ppi density)","Dual SIM (Nano-SIM, dual stand-by)","13 MP, f/1.9, LED flash","Fingerprint (front-mounted), accelerometer, gyro, proximity, compass",179 g (6.31 oz)
80,2150,Yes,3000.0,"microSD, up to 32 GB (uses SIM 2 slot)",Octa-core (4x1.5 GHz Cortex-A53 & 4x1.0 GHz Cortex-A53),Yes,Mali-T860MP2,2150,"32 GB, 3 GB RAM",,Micromax Evok Dual Note E4815,Android 7.0 (Nougat),150.0,"Dual: 13 MP, autofocus + 5 MP (no AF), dual-LED dual-tone flash","1080 x 1920 pixels, 16:9 ratio (~401 ppi density)","Hybrid Dual SIM (Nano-SIM, dual stand-by)",5 MP,"Fingerprint (front-mounted), accelerometer, gyro, proximity, compass",-
81,2167,Yes,2000.0,"microSD, up to 32 GB",Quad-core 1.3 GHz Cortex-A7,Yes,Mali-400MP2,2167,"4/8 GB, 1 GB RAM",,Micromax A106 Unite 2,"Android 4.4.2 (KitKat), upgradable to 5.0 (Lollipop)",107.1,"5 MP, autofocus, LED flash","480 x 800 pixels, 5:3 ratio (~199 ppi density)",Dual SIM,2 MP,"Accelerometer, proximity",158 g (5.57 oz)
82,2234,Yes,3300.0,"microSD, up to 256 GB (uses SIM 2 slot) - dual SIM model only",Octa-core 1.6 GHz Cortex-A53Octa-core (4x1.2 GHz Cortex-A53 & 4x1.5 GHz Cortex-A53) - China,Yes,Mali-T720MP2Adreno 405 - China,2234,"16 GB, 3 GB RAM",Yes,Samsung Galaxy A7 ,"Android 5.1.1 (Lollipop), upgradable to 7.0 (Nougat)",416.5,"13 MP (f/1.9, 28mm), OIS, autofocus, LED flash, check quality","1080 x 1920 pixels, 16:9 ratio (~401 ppi density)","Single SIM (Nano-SIM) or Hybrid Dual SIM (Nano-SIM, dual stand-by)","5 MP (f/1.9, 24mm), 1080p","Fingerprint (front-mounted), accelerometer, proximity, compass",172 g (6.07 oz)
83,2241,Yes,1800.0,"microSD, up to 32 GB",Quad-core 1.3 GHz,Yes,,2241,"8 GB, 1 GB RAM",,Micromax Vdeo 2,Android 6.0 (Marshmallow),83.3,"5 MP, LED flash","480 x 854 pixels, 16:9 ratio (~218 ppi density)",Dual SIM,2 MP,Accelerometer,156 g (5.50 oz)
84,2250,Yes,3000.0,"microSD, up to 256 GB (dedicated slot)",Quad-core 2.7 GHz Krait 450,Yes,Adreno 420,2250,"16 GB, 3 GB RAM",Yes,Samsung Galaxy Note 4 Duos,"Android 4.4.4 (KitKat), upgradable to 6.0.1 (Marshmallow)",357.0,"16 MP (f/2.2, 31mm, 1/2.6"", 1.12 Âµm), OIS, autofocus, LED flash","1440 x 2560 pixels, 16:9 ratio (~515 ppi density)","Dual SIM (Micro-SIM, dual stand-by)","3.7 MP (f/1.9, 22mm), 1440p@30fps, 1080p (HDR)","Fingerprint (front-mounted), accelerometer, gyro, proximity, compass, barometer, gesture, UV, heart rate, SpO2",175 g (6.17 oz)
85,2281,Yes,800.0,No,,No,,2281,,,Samsung E1225 Dual Sim Shift,,59.5,,128 x 160 pixels (~114 ppi density),Dual SIM (Mini-SIM),,,72.4 g (2.54 oz)
86,2292,Yes,4000.0,"microSD, up to 256 GB (dedicated slot)",Octa-core (4x1.95 GHz Cortex-A72 & 4x1.4 GHz Cortex-A53),Yes,Adreno 510,2292,"64 GB, 6 GB RAM",Yes,Samsung Galaxy C9 Pro,"Android 6.0.1 (Marshmallow), upgradable to 7.1.1 (Nougat)",511.7,"16 MP, f/1.9, phase detection autofocus, dual-LED dual-tone flash","1080 x 1920 pixels, 16:9 ratio (~367 ppi density)","Dual SIM (Nano-SIM, dual stand-by)","16 MP, f/1.9, 1080p","Fingerprint (front-mounted), accelerometer, proximity, compass",189 g (6.67 oz)
87,2333,Yes,2500.0,"microSD, up to 32 GB",Quad-core 1.3 GHz Cortex-A7,Yes,,2333,"8 GB, 1 GB RAM",,Micromax Canvas Spark 3 Q385,Android 5.1 (Lollipop),83.3,"8 MP, autofocus, LED flash","720 x 1280 pixels, 16:9 ratio (~267 ppi density)","Dual SIM (Micro-SIM, dual stand-by)",5 MP,Accelerometer,~ 175 g (6.17 oz)
88,2335,Yes,2400.0,"microSD, up to 256 GB (dedicated slot)",Quad-core 1.4 GHz Cortex-A53,Yes,Mali-T720 MP2,2335,"16 GB, 2 GB RAM",Yes,Samsung Galaxy J3 ,Android 7.0 (Nougat),178.5,"13 MP, f/1.9, autofocus, LED flash","720 x 1280 pixels, 16:9 ratio (~294 ppi density)","Single SIM (Nano-SIM) or Dual SIM (Nano-SIM, dual stand-by)","5 MP, f/2.2, LED flash","Accelerometer, proximity",142 g (5.01 oz)
89,2364,Yes,2500.0,"microSD, up to 32 GB",Octa-core (4x1.4 GHz Cortex-A53 & 4x1.0 GHz Cortex-A53),Yes,Adreno 405,2364,"16 GB, 2 GB RAM",,Micromax Canvas Nitro 4G E455,Android 5.0.2 (Lollipop),,"13 MP, autofocus, dual-LED flash","720 x 1280 pixels, 16:9 ratio (~294 ppi density)",Dual SIM,5 MP,"Accelerometer, proximity, compass",135 g (4.76 oz)
90,2377,Yes,3000.0,No,Octa-core (4x2.1 GHz Cortex-A57 & 4x1.5 GHz Cortex-A53),Yes,Mali-T760MP8,2377,"32/64 GB, 4 GB RAM",Yes,Samsung Galaxy S6 edge+ Duos,"Android 5.1.1 (Lollipop), upgradable to 6.0.1 (Marshmallow)",630.6999999999999,"16 MP (f/1.9, 28mm, 1/2.6"", 1.12 Âµm), OIS, autofocus, LED flash","1440 x 2560 pixels, 16:9 ratio (~515 ppi density)","Dual SIM (Nano-SIM, dual stand-by)","5 MP (f/1.9, 22mm), 1440p@30fps, dual video call, Auto HDR","Fingerprint (front-mounted), accelerometer, gyro, proximity, compass, barometer, heart rate, SpO2",153 g (5.40 oz)
91,2390,Yes,3300.0,"microSD, up to 256 GB (uses SIM 2 slot)",Octa-core 2.0 GHz Cortex-A53,Yes,Adreno 506,2390,"32/64 GB, 4 GB RAM",Yes,Samsung Galaxy C7,"Android 6.0.1 (Marshmallow), upgradable to 7.0 (Nougat)",297.5,"16 MP, f/1.9, autofocus, dual-LED dual-tone flash, check quality","1080 x 1920 pixels, 16:9 ratio (~386 ppi density)","Hybrid Dual SIM (Nano-SIM, dual stand-by)","8 MP, f/1.9","Fingerprint (front-mounted), accelerometer, proximity, compass",169 g (5.96 oz)
92,2410,Yes,2000.0,"microSD, up to 32 GB (dedicated slot)",Octa-core 1.7 GHz Cortex-A7,Yes,Mali-450MP4,2410,"8 GB, 1 GB RAM",,HTC Desire 626G+,Android 4.4.2 (KitKat),297.5,"13 MP (f/2.2, 28mm), autofocus, LED flash","720 x 1280 pixels, 16:9 ratio (~294 ppi density)","Dual SIM (Nano-SIM, dual stand-by)","5 MP (f/2.8, 34mm), 1080p","Accelerometer, proximity, compass",138 g (4.87 oz)
93,2441,Yes,1100.0,"microSD, up to 32 GB (dedicated slot)",,No,,2441,8 MB RAM,,Nokia 215 Dual SIM,,35.699999999999996,VGA,"240 x 320 pixels, 4:3 ratio (~167 ppi density)",Dual SIM (Mini-SIM),No,,78.6 g (2.75 oz)
94,2446,Yes,2600.0,"microSD, up to 256 GB (dedicated slot)",Quad-core 1.4 GHz Cortex-A53,Yes,Adreno 308,2446,"16 GB, 1.5 GB RAM",,Samsung Galaxy J2 Pro ,Android 7.1 (Nougat),142.79999999999998,"8 MP, f/2.2, autofocus, LED flash","540 x 960 pixels, 16:9 ratio (~220 ppi density)","Dual SIM (Micro-SIM, dual stand-by)","5 MP, f/2.2, LED flash","Accelerometer, proximity",153 g (5.40 oz)
95,2449,Yes,3100.0,"microSD, up to 64 GB (dedicated slot)",Hexa-core (4x1.3 GHz Cortex A7 & 2x1.7 GHz Cortex A15),Yes,Mali-T624 MP4,2449,"16 GB (11 GB user available), 2 GB RAM",Yes,Samsung Galaxy Note 3 Neo,"Android 4.3 (Jelly Bean), 4.4.2 (KitKat), upgradable to 5.1.1 (Lollipop)",380.79999999999995,"8 MP (f/2.6, 31mm), autofocus, LED flash, check quality","720 x 1280 pixels, 16:9 ratio (~267 ppi density)",Micro-SIM,"2 MP (f/2.4, 27mm), 1080p","Accelerometer, gyro, proximity, compass",162.5 g (5.71 oz)
96,2453,Yes,2600.0,"microSD, up to 256 GB (dedicated slot)",Octa-core (4x1.7 GHz Cortex-A53 & 4x1.0 GHz Cortex-A53),Yes,Adreno 405,2453,"16 GB, 2 GB RAM",,HTC Desire 826 dual sim,"Android 5.0.1 (Lollipop), upgradable to 6.0.1 (Marshmallow)",238.0,"13 MP, f/2.2, autofocus, LED flash","1080 x 1920 pixels, 16:9 ratio (~401 ppi density)","Dual SIM (Nano-SIM, dual stand-by)","4 MP (f/2.0, 27mm, 1/3"", 2 Âµm), 1080p@30fps, HDR - HK model13 MP, 1080p - India model","Accelerometer, proximity, compass",183 g (6.46 oz)
97,2470,Yes,2600.0,"microSD, up to 128 GB (dedicated slot)",Quad-core 1.5 GHz Cortex-A7,Yes,Mali-400MP2,2470,"8 GB, 1.5 GB RAM",,Samsung Galaxy J2 ,Android 6.0.1 (Marshmallow),178.5,"8 MP, f/2.2, autofocus, LED flash","720 x 1280 pixels, 16:9 ratio (~294 ppi density)","Dual SIM (Micro-SIM, dual stand-by)","5 MP, f/2.2","Accelerometer, proximity",138 g (4.87 oz)
98,2493,Yes,2000.0,No,Quad-core 1.2 GHz Cortex-A53,Yes,Adreno 306,2493,"16 GB, 2 GB RAM",,Micromax Canvas Sliver 5 Q450,Android 5.0.2 (Lollipop),297.5,"8 MP, autofocus, LED flash","720 x 1280 pixels, 16:9 ratio (~306 ppi density)",Nano-SIM,5 MP,"Accelerometer, proximity",97 g (3.42 oz)
99,2534,No,2730.0,"microSD, up to 256 GB (dedicated slot)",Octa-core (4x2.35 GHz Kryo & 4x1.9 GHz Kryo),Yes,Adreno 540,2534,"64/128 GB, 6 GB RAM or 64 GB, 4 GB RAM",Yes,Motorola Moto Z2 Force,"Android 7.1.1 (Nougat), planned upgrade to Android 8.0 (Oreo)",749.6999999999999,"Dual: 12 MP (f/2.0, 1/2.9"", 1.25 Âµm), phase detection & laser autofocus, dual-LED dual-tone flash, check quality","1440 x 2560 pixels, 16:9 ratio (~534 ppi density)","Single SIM (Nano-SIM) or Dual SIM (Nano-SIM, dual stand-by)","5 MP, f/2.2, dual-LED dual-tone flash","Fingerprint (front-mounted), accelerometer, gyro, proximity, compass, barometer",143 g (5.04 oz)
100,2552,Yes,2000.0,"microSD, up to 32 GB",Quad-core 1.0 GHz Cortex-A53,Yes,Mali-T720MP2,2552,"16 GB, 2 GB RAM",,Micromax Canvas Xpress 4G Q413,Android 5.1 (Lollipop),,"8 MP, f/2.0, autofocus, LED flash","720 x 1280 pixels, 16:9 ratio (~294 ppi density)",Dual SIM (Micro-SIM),2 MP,"Accelerometer, proximity",155 g (5.47 oz)
101,2591,Yes,2200.0,"microSD, up to 128 GB",Quad-core 1.1 GHz Cortex-A53,Yes,Mali-T720MP2,2591,"8 GB, 1 GB RAM",,alcatel U5 HD,Android 7.0 (Nougat),,"13 MP, autofocus, LED flash","720 x 1280 pixels, 16:9 ratio (~294 ppi density)","Single SIM (Nano-SIM) or Dual SIM (Nano-SIM, dual stand-by)","8 MP, LED flash","Accelerometer, proximity",129 g (4.55 oz)
102,2594,Yes,3000.0,"microSD, up to 256 GB (dedicated slot) - single & dual SIM models",Octa-core (4x1.5 GHz Cortex-A53 & 4x1.2 GHz Cortex-A53),Yes,Adreno 405,2594,"64 GB, 4 GB RAM or 32 GB, 3 GB RAM or 16 GB, 2 GB RAM",,Motorola Moto G4 Plus,"Android 6.0.1 (Marshmallow), upgradable to 7.0 (Nougat)",190.39999999999998,"16 MP, f/2.0, phase detection & laser autofocus, dual-LED dual-tone flash, check quality","1080 x 1920 pixels, 16:9 ratio (~401 ppi density)","Single SIM (Micro-SIM) or Dual SIM (Micro-SIM, dual stand-by)","5 MP, f/2.2, auto-HDR","Fingerprint (front-mounted), accelerometer, gyro, proximity",155 g (5.47 oz)
103,2596,Yes,2600.0,"microSD, up to 256 GB (dedicated slot)","Octa-core 1.4 GHz Cortex-A53 - SprintQuad-core 1.4 GHz Cortex-A53 - BoostMobile, Cricket, T-Mobile",Yes,"Adreno 505 - SprintAdreno 308 - BoostMobile, Cricket, T-Mobile",2596,"16 GB, 1.5 GB RAM",,Samsung Galaxy J3 Emerge,Android 6.0.1 (Marshmallow)Android 7.0 (Nougat) - Amp Prime 2,,"5 MP, f/1.9, autofocus, LED flash","720 x 1280 pixels, 16:9 ratio (~294 ppi density)",Nano-SIM,"2 MP, f/2.2","Accelerometer, gyro, proximity, compass",147 g (5.19 oz)
104,2600,Yes,3000.0,"microSD, up to 256 GB (uses SIM 2 slot)",Octa-core (4x1.8 GHz Cortex-A53 & 4x1.0 GHz Cortex-A53),Yes,Mali-T860MP2,2600,"64 GB, 4 GB RAM",Yes,HTC Desire 10 Pro,Android 6.0 (Marshmallow),416.5,"20 MP (f/2.2, 28mm), laser autofocus, dual-LED dual-tone flash","1080 x 1920 pixels, 16:9 ratio (~400 ppi density)","Hybrid Dual SIM (Nano-SIM, dual stand-by)","13 MP (f/2.2, 28mm), 1080p, Auto-HDR","Fingerprint (rear-mounted), accelerometer, gyro, proximity, compass",165 g (5.82 oz)
105,2607,Yes,2230.0,"microSD, up to 32 GB (dedicated slot)",Quad-core 1.2 GHz Cortex-A53,Yes,Adreno 306,2607,"8 GB, 1 GB RAM",,Micromax Canvas Amaze 4G Q491,Android 5.1.1 (Lollipop),,"8 MP, autofocus, LED flash","720 x 1280 pixels, 16:9 ratio (~294 ppi density)","Dual SIM (Micro-SIM, dual stand-by)",2 MP,"Accelerometer, gyro, proximity, compass",-
106,2630,Yes,1200.0,"microSD, up to 32 GB (dedicated slot), 4 GB card included",,No,,2630,64 MB RAM,,Nokia Asha 500 Dual SIM,Nokia Asha software platform 1.1.1 ,71.39999999999999,"2 MP (1/5"")","240 x 320 pixels, 4:3 ratio (~143 ppi density)","Dual SIM (Micro-SIM, dual stand-by)",No,"Accelerometer, proximity",101.3 g (3.56 oz)
107,2666,Yes,1750.0,"microSD, up to 32 GB",Quad-core 1.3 GHz,Yes,,2666,"4 GB, 512 MB RAM",,Micromax A093 Canvas Fire,Android 4.4.2 (KitKat),107.1,"5 MP, LED flash","480 x 800 pixels, 5:3 ratio (~233 ppi density)",Dual SIM (Mini-SIM/ Micro-SIM),VGA,"Accelerometer, proximity",-
108,2680,Yes,4000.0,"microSD, up to 32 GB",Quad-core 1.3 GHz Cortex-A7,Yes,Mali-400MP2,2680,"16 GB, 2 GB RAM",,Micromax Canvas Juice 3+ Q394,Android 5.0 (Lollipop),,"8 MP, autofocus, LED flash","720 x 1280 pixels, 16:9 ratio (~267 ppi density)","Dual SIM (Micro-SIM, dual stand-by)",5 MP,"Accelerometer, gyro, proximity, compass",152 g (5.36 oz)
109,2691,Yes,2800.0,"microSD, up to 64 GB (dedicated slot)",Quad-core 1.5 GHz (SM-G750F)Quad-core 1.2 GHz Cortex-A53 (SM-G7508),Yes,Mali-400MP4 (SM-G750F)Adreno 306 (SM-G7508),2691,"16 GB, 1.5 GB RAM",Yes,Samsung Galaxy Mega 2,Android 4.4.3 (KitKat),404.59999999999997,"8 MP, autofocus, LED flash","720 x 1280 pixels, 16:9 ratio (~245 ppi density)",Micro-SIM,2.1 MP,"Accelerometer, gyro, proximity, compass",194 g (6.84 oz)
110,2695,Yes,4000.0,"microSD, up to 32 GB (uses SIM 2 slot)",Octa-core 1.3 GHz Cortex-A53,Yes,Mali-T720MP3,2695,"32 GB, 3 GB RAM",,Micromax Canvas Evok Note E453,Android 6.0 (Marshmallow),166.6,"13 MP, autofocus, dual-LED dual-tone flash","1080 x 1920 pixels, 16:9 ratio (~401 ppi density)","Hybrid Dual SIM (Nano-SIM, dual stand-by)",5 MP,"Fingerprint (front-mounted), accelerometer, gyro, proximity, compass",162 g (5.71 oz)
111,2710,Yes,2600.0,"microSD, up to 256 GB (dedicated slot)",Quad-core 1.3 GHz Cortex-A7,Yes,Mali-T720,2710,"16 GB, 2 GB RAM",,Samsung Galaxy On5 Pro,Android 6.0 (Marshmallow),142.79999999999998,"8 MP, f/2.2, autofocus, LED flash","720 x 1280 pixels, 16:9 ratio (~294 ppi density)","Dual SIM (Micro-SIM, dual stand-by)","5 MP, f/2.2","Accelerometer, proximity",149 g (5.26 oz)
112,2713,Yes,2500.0,"microSD, up to 32 GB",Octa-core 1.4 GHz Cortex-A7,Yes,Mali-450MP4,2713,"8 GB, 1 GB RAM",,Micromax Canvas Xpress 2 E313,Android 4.4.2 (KitKat),107.1,"13 MP, autofocus, dual-LED flash","720 x 1280 pixels, 16:9 ratio (~294 ppi density)",Dual SIM,2 MP,"Accelerometer, proximity",135 g (4.76 oz)
113,2725,Yes,2600.0,No,Octa-core (4x2.1 GHz Cortex-A57 & 4x1.5 GHz Cortex-A53),Yes,Mali-T760MP8,2725,"32/64/128 GB, 3 GB RAM",Yes,Samsung Galaxy S6 edge,"Android 5.0.2 (Lollipop), upgradable to 7.0 (Nougat)",499.79999999999995,"16 MP (f/1.9, 28mm, 1/2.6"", 1.12 Âµm), OIS, autofocus, LED flash, check quality","1440 x 2560 pixels, 16:9 ratio (~577 ppi density)",Nano-SIM,"5 MP (f/1.9, 22mm), 1440p@30fps, dual video call, Auto HDR","Fingerprint (front-mounted), accelerometer, gyro, proximity, compass, barometer, heart rate, SpO2",132 g (4.66 oz)
114,2747,Yes,5000.0,"microSD, up to 64 GB (uses SIM 2 slot)",Quad-core 1.3 GHz Cortex-A53,Yes,Mali-T720,2747,"32 GB, 3 GB RAM",,Micromax Bharat 5 Pro,Android 7.0 (Nougat),120.0,"13 MP, autofocus, LED flash","720 x 1280 pixels, 16:9 ratio (~282 ppi density)","Hybrid Dual SIM (Micro-SIM/Nano-SIM, dual stand-by)","5 MP, LED flash",Accelerometer,170 g (6.00 oz)
115,2754,Yes,2500.0,"microSD, up to 32 GB",Octa-core (4x1.4 GHz Cortex-A53 & 4x1.0 GHz Cortex-A53),Yes,Adreno 405,2754,"16 GB, 2 GB RAM",,Micromax Canvas Amaze 2 E457,Android 5.0.2 (Lollipop),119.0,"13 MP, autofocus, dual-LED flash","720 x 1280 pixels, 16:9 ratio (~294 ppi density)",Dual SIM,5 MP,"Accelerometer, proximity, compass",-
116,2772,Yes,3000.0,"microSD, up to 256 GB (uses SIM 2 slot) - dual SIM model only",Octa-core (4x2.3 GHz Mongoose & 4x1.6 GHz Cortex-A53),Yes,Mali-T880 MP12,2772,"32/64 GB, 4 GB RAM",Yes,Samsung Galaxy S7,"Android 6.0 (Marshmallow), upgradable to 7.0 (Nougat)",440.29999999999995,"12 MP (f/1.7, 26mm, 1/2.5"", 1.4 Âµm, Dual Pixel PDAF), phase detection autofocus, OIS, LED flash, check quality","1440 x 2560 pixels, 16:9 ratio (~577 ppi density)","Single SIM (Nano-SIM) - G930FHybrid Dual SIM (Nano-SIM, dual stand-by) - G930FD","5 MP (f/1.7, 22mm, 1/4.1"", 1.34 Âµm), dual video call, Auto HDR","Fingerprint (front-mounted), accelerometer, gyro, proximity, compass, barometer, heart rate, SpO2",152 g (5.36 oz)
117,2785,Yes,1200.0,"microSD, up to 32 GB (dedicated slot)",,No,,2785,16 MB RAM,,Nokia 230 Dual SIM,,83.3,"2 MP, LED flash","240 x 320 pixels, 4:3 ratio (~143 ppi density)",Dual SIM (Mini-SIM),"2 MP, 480p, LED flash",,91.8 g (3.25 oz)
118,2809,Yes,2500.0,"microSD, up to 32 GB",Quad-core 1.3 GHz Cortex-A7,Yes,Mali-400MP2,2809,"16 GB, 1 GB RAM",,Micromax Canvas Fire 5 Q386,Android 6.0 (Marshmallow),95.19999999999999,"8 MP, autofocus, LED flash","720 x 1280 pixels, 16:9 ratio (~267 ppi density)","Dual SIM (Micro-SIM, dual stand-by)",5 MP,"Accelerometer, proximity",-
119,2827,Yes,2600.0,"microSD, up to 256 GB (uses SIM 2 slot)",Octa-core 2.2 GHz Cortex-A53,Yes,Adreno 506,2827,"64 GB, 4 GB RAM",Yes,Samsung Galaxy C5 Pro,Android 7.0 (Nougat),368.9,"16 MP, f/1.9, autofocus, dual-LED dual-tone flash","1080 x 1920 pixels, 16:9 ratio (~424 ppi density)","Hybrid Dual SIM (Nano-SIM, dual stand-by)","16 MP, f/1.9","Fingerprint (front-mounted), accelerometer, gyro, proximity, compass",145 g (5.11 oz)
120,2831,Yes,3510.0,"microSD, up to 256 GB (dedicated slot)",Octa-core 2.0 GHz Cortex-A53,Yes,Adreno 506,2831,"32 GB, 3 GB RAM",Yes,Motorola Moto Z Play,"Android 6.0.1 (Marshmallow), 7.1.1 (Nougat), planned upgrade to Android 8.0 (Oreo)",345.09999999999997,"16 MP (f/2.0, 1.3 Âµm), phase detection and laser autofocus, dual-LED dual-tone flash, check quality","1080 x 1920 pixels, 16:9 ratio (~403 ppi density)","Single SIM (Nano-SIM) or Dual SIM (Nano-SIM, dual stand-by)","5 MP (f/2.2, 1.4 Âµm), LED flash, 1080p","Fingerprint (front-mounted), accelerometer, gyro, proximity, compass",165 g (5.82 oz)
121,2885,Yes,4000.0,"microSD, up to 32 GB",Quad-core 1.1 GHz Cortex-A7,Yes,Adreno 304,2885,"8 GB, 1 GB RAM",,Micromax Vdeo 4,Android 6.0 (Marshmallow),107.1,"8 MP, LED flash","720 x 1280 pixels, 16:9 ratio (~294 ppi density)",Dual SIM (Micro-SIM),2 MP,"Accelerometer, proximity",-
122,2913,Yes,3900.0,"microSD, up to 32 GB (dedicated slot)",Quad-core 1.3 GHz Cortex-A7,Yes,,2913,"16 GB, 2 GB RAM",,Micromax Canvas Unite 4 Pro,Android 5.1 (Lollipop),,"8 MP, autofocus, LED flash","720 x 1280 pixels, 16:9 ratio (~294 ppi density)","Dual SIM (Micro-SIM, dual stand-by)",5 MP,"Fingerprint (rear-mounted), accelerometer, proximity",152 g (5.36 oz)
123,2954,Yes,2600.0,"microSD, up to 64 GB (dedicated slot)",Quad-core 1.2 GHz Cortex-A7,Yes,Adreno 305,2954,"8 GB, 1.5 GB RAM",,Samsung Galaxy Grand 2,"Android 4.3 (Jelly Bean), upgradable to 4.4.2 (KitKat)",214.2,"8 MP (f/2.4, 31mm), autofocus, LED flash, check quality","720 x 1280 pixels, 16:9 ratio (~280 ppi density)","Single SIM (Micro-SIM) or Dual SIM (Micro-SIM, dual stand-by)",1.9 MP,"Accelerometer, proximity, compass",163 g (5.75 oz)
124,2958,Yes,2500.0,"microSD, up to 128 GB (dedicated slot)",Quad-core 1.4 GHz Cortex-A53,Yes,Mali-T720MP1,2958,"16 GB, 2 GB RAM",,Micromax Canvas Infinity Life,"Android 7.1.2 (Nougat), planned upgrade to Android 8.0 (Oreo)",142.5,"13 MP (f/2.0, 1/3"", 1.12 Âµm), autofocus, LED flash","720 x 1440 pixels, 18:9 ratio (~295 ppi density)","Dual SIM (Micro-SIM, dual stand-by)","8 MP, f/2.0, LED flash","Fingerprint (rear-mounted), accelerometer, proximity",-
125,2965,Yes,2000.0,"microSD, up to 32 GB",Quad-core 1.0 GHz Cortex-A53,Yes,Mali-T720MP2,2965,"16 GB, 3 GB RAM",,Micromax Canvas xp 4G Q413,Android 5.1 (Lollipop),,"8 MP, autofocus, LED flash","720 x 1280 pixels, 16:9 ratio (~294 ppi density)","Dual SIM (Micro-SIM, dual stand-by)",2 MP,"Accelerometer, proximity",134 g (4.73 oz)
126,3006,Yes,3000.0,"microSD, up to 256 GB (uses SIM 2 slot)",Quad-core 1.2 GHz Cortex-A53,Yes,Adreno 306,3006,"16 GB, 2 GB RAM",,Samsung Galaxy On7 Pro,Android 6.0.1 (Marshmallow),178.5,"13 MP, f/2.1, autofocus, LED flash","720 x 1280 pixels, 16:9 ratio (~267 ppi density)","Hybrid Dual SIM (Micro-SIM, dual stand-by)","5 MP, f/2.2","Accelerometer, proximity",172 g (6.07 oz)
127,3025,Yes,1300.0,"microSD, up to 32 GB",Quad-core 1.1 GHz,Yes,,3025,"4 GB, 512 MB RAM",,Micromax Bharat 2 Q402,Android 6.0 (Marshmallow),59.5,"2 MP, LED flash","480 x 800 pixels, 5:3 ratio (~233 ppi density)","Dual SIM (Micro-SIM, dual stand-by)",VGA,Accelerometer,120 g (4.23 oz)
128,3046,Yes,2000.0,"microSD, up to 32 GB",Hexa-core 1.5 GHz Cortex-A7,Yes,Mali-450MP4,3046,"8 GB, 1 GB RAM",,Micromax A190 Canvas HD Plus,Android 4.4.2 (KitKat),202.29999999999998,"8 MP, autofocus, LED flash","720 x 1280 pixels, 16:9 ratio (~294 ppi density)",Dual SIM,2 MP,"Accelerometer, proximity",138 g (4.87 oz)
129,3061,Yes,2390.0,"microSD, up to 32 GB (dedicated slot)",Quad-core 1.2 GHz Cortex-A7,Yes,Adreno 305,3061,"8/16 GB, 1 GB RAM",,Motorola Moto G 4G Dual SIM ,Android 5.0.2 (Lollipop),285.59999999999997,"8 MP, f/2.0, autofocus, LED flash","720 x 1280 pixels, 16:9 ratio (~294 ppi density)","Dual SIM (Micro-SIM, dual stand-by)",2 MP,"Accelerometer, gyro, proximity, compass",155 g (5.47 oz)
130,3065,Yes,2600.0,"microSD, up to 256 GB (dedicated slot)",Octa-core 1.5 GHz Cortex-A53,Yes,Mali-T760MP2,3065,"16 GB, 2 GB RAM",,HTC One E9s dual sim,Android 5.0 (Lollipop),368.9,"13 MP (f/2.2, 28mm), autofocus, LED flash","720 x 1280 pixels, 16:9 ratio (~267 ppi density)","Dual SIM (Nano-SIM, dual stand-by)","4 MP (f/2.0, 27mm, 1/3"", 2 Âµm), 1080p@30fps, HDR",Yes,165 g (5.82 oz)
131,3070,Yes,2260.0,"microSD, up to 32 GB (uses SIM 2 slot)",Octa-core (4x1.5 GHz Cortex-A53 & 4x1.0 GHz Cortex-A53),Yes,Adreno 405,3070,"16 GB, 2 GB RAM",,Micromax Canvas Knight 2 E471,Android 5.0 (Lollipop),273.7,"13 MP, autofocus, dual-LED flash","720 x 1280 pixels, 16:9 ratio (~294 ppi density)","Hybrid Dual SIM (Micro-SIM/Nano-SIM, dual stand-by)",5 MP,"Accelerometer, proximity",-
132,3098,Yes,1010.0,"microSD, up to 32 GB (dedicated slot), 4 GB card included",,No,,3098,64 MB RAM,,Nokia Asha 502 Dual SIM,"Nokia Asha software platform 1.1.1, upgradable to 1.4",95.19999999999999,"5 MP, LED flash","240 x 320 pixels, 4:3 ratio (~133 ppi density)","Dual SIM (Micro-SIM, dual stand-by)",No,"Accelerometer, proximity",100 g (3.53 oz)
133,3115,Yes,4000.0,"microSD, up to 32 GB",Quad-core 1.0 GHz,Yes,,3115,"8 GB, 2 GB RAM",,Micromax Canvas Juice 4G Q461,Android 5.1 (Lollipop),,"8 MP, autofocus, dual-LED flash","720 x 1280 pixels, 16:9 ratio (~294 ppi density)","Dual SIM (Micro-SIM, dual stand-by)",5 MP,"Accelerometer, proximity",152 g (5.36 oz)
134,3127,Yes,3300.0,"microSD, up to 256 GB (uses SIM 2 slot)",Octa-core 2.2 GHz Cortex-A53,Yes,Adreno 506,3127,"64 GB, 4 GB RAM",Yes,Samsung Galaxy C7 Pro,"Android 6.0.1 (Marshmallow), upgradable to 7.0 (Nougat)",440.29999999999995,"16 MP, f/1.9, autofocus, dual-LED dual-tone flash","1080 x 1920 pixels, 16:9 ratio (~386 ppi density)","Hybrid Dual SIM (Nano-SIM, dual stand-by)","16 MP, f/1.9","Fingerprint (front-mounted), accelerometer, gyro, proximity, compass",172 g (6.07 oz)
135,3171,Yes,3000.0,"microSD, up to 256 GB",Quad-core (2x2.15 GHz Kryo & 2x1.6 GHz Kryo),Yes,Adreno 530,3171,"32 GB, 4 GB RAM",Yes,Samsung Galaxy S7 ,"Android 6.0 (Marshmallow), upgradable to 7.0 (Nougat)",440.29999999999995,"12 MP (f/1.7, 26mm, 1/2.5"", 1.4 Âµm, Dual Pixel PDAF), phase detection autofocus, OIS, LED flash","1440 x 2560 pixels, 16:9 ratio (~576 ppi density)",Nano-SIM,"5 MP (f/1.7, 22mm, 1/4.1"", 1.34 Âµm), dual video call, Auto HDR","Fingerprint (front-mounted), accelerometer, gyro, proximity, compass, barometer, heart rate, SpO2",152 g (5.36 oz)
136,3175,Yes,2500.0,"microSD, up to 32 GB",Octa-core 1.4 GHz Cortex-A7,Yes,Mali-450MP4,3175,"16 GB, 2 GB RAM",,Micromax Canvas Nitro 3 E352,Android 5.1 (Lollipop),142.79999999999998,"13 MP, autofocus, LED flash","720 x 1280 pixels, 16:9 ratio (~294 ppi density)",Dual SIM,5 MP,"Accelerometer, proximity",-
137,3176,Yes,2000.0,"microSD, up to 32 GB (dedicated slot)",Quad-core 1.2 GHz Cortex-A7,Yes,PowerVR SGX544,3176,"16 GB (10 GB user available), 1 GB RAM",,Micromax Canvas 4 A210,Android 4.2.1 (Jelly Bean),273.7,"13 MP, autofocus, LED flash","720 x 1280 pixels, 16:9 ratio (~294 ppi density)",Dual SIM (dual stand-by),"5 MP, 720p","Accelerometer, proximity",158 g (5.57 oz)
138,3194,Yes,3300.0,"microSD, up to 256 GB (dedicated slot)",Octa-core 2.2 GHz Cortex-A53,Yes,Adreno 506,3194,"16 GB, 2 GB RAM",,Samsung Galaxy J7 V,Android 7.0.1 (Nougat),,"8 MP, autofocus, LED flash","720 x 1280 pixels, 16:9 ratio (~267 ppi density)",Nano-SIM,5 MP,"Accelerometer, gyro, proximity, compass",167.3 g (5.89 oz)
139,3208,Yes,2500.0,"microSD, up to 64 GB (dedicated slot)",Quad-core 1.3 GHz Cortex-A53,Yes,Mali-T720,3208,"16 GB, 2 GB RAM",,Micromax Canvas 1,Android 7.0 (Nougat),105.0,"8 MP (f/2.2, 1.4 Âµm), autofocus, dual-LED dual-tone flash","720 x 1280 pixels, 16:9 ratio (~294 ppi density)",Dual SIM,"5 MP, LED flash","Accelerometer, proximity",150 g (5.29 oz)
140,3224,Yes,3300.0,"microSD, up to 256 GB (dedicated slot)",Octa-core 1.6 GHz Cortex-A53,Yes,Mali-T830 MP1,3224,"16/32 GB, 3 GB RAM",,Samsung Galaxy J7 Prime,"Android 6.0.1 (Marshmallow), upgradable to 7.0 (Nougat)",249.89999999999998,"13 MP (f/1.9, 28mm), autofocus, LED flash","1080 x 1920 pixels, 16:9 ratio (~401 ppi density)","Single SIM (Nano-SIM) or Dual SIM (Nano-SIM, dual stand-by)","8 MP, f/1.9","Fingerprint (front-mounted), accelerometer, proximity",167 g (5.89 oz)
141,3241,Yes,2600.0,"microSD, up to 128 GB (dedicated slot)",Quad-core 1.5 GHz Cortex-A7,Yes,Mali-400MP2,3241,"16 GB, 2 GB RAM",,Samsung Galaxy J2 Pro ,Android 6.0.1 (Marshmallow),190.39999999999998,"8 MP, f/2.2, autofocus, LED flash","720 x 1280 pixels, 16:9 ratio (~294 ppi density)","Dual SIM (Micro-SIM, dual stand-by)","5 MP, f/2.2","Accelerometer, proximity",138 g (4.87 oz)
142,3266,Yes,3000.0,"microSD, up to 256 GB (uses SIM 2 slot)",Octa-core (4x2.4 GHz & 4x1.7 GHz),Yes,,3266,"32 GB, 4 GB RAM",,Samsung Galaxy C7 ,Android 7.1 (Nougat),476.0,"Dual: 13 MP (f/1.7, AF) + 5 MP (f/1.9, no AF), autofocus, LED flash","1080 x 1920 pixels, 16:9 ratio (~401 ppi density)","Hybrid Dual SIM (Nano-SIM, dual stand-by)","16 MP, f/1.9","Fingerprint (front-mounted), accelerometer, gyro, proximity, compass",180 g (6.35 oz)
143,3270,Yes,3100.0,"microSD, up to 64 GB (dedicated slot)",Quad-core 1.6 GHz Cortex-A7,Yes,Adreno 305,3270,"16 GB (11 GB user available), 2 GB RAM",,Samsung Galaxy Note 3 Neo Duos,Android 4.3 (Jelly Bean),487.9,"8 MP (f/2.6, 31mm), autofocus, LED flash","720 x 1280 pixels, 16:9 ratio (~267 ppi density)","Dual SIM, (Micro-SIM, dual stand-by)","2 MP (f/2.4, 27mm), 1080p","Accelerometer, gyro, proximity, compass",162.5 g (5.71 oz)
144,21,Yes,3000.0,Dedicated Slot,1.6 GHz,Yes,,21,16 GB,,"Samsung Galaxy J7 Nxt (Gold, 16 GB)  (2 GB RAM)",Android Nougat 7.0,,13MP,1280 x 720 Pixels,Micro SIM (3FF),5MP,"Accelerometer, Proximity Sensor",170 g
145,24,,2820.0,,1.2 GHz,,,24,16 GB,,"Micromax Canvas Play 4G Q469 Dual Sim - Moon Dust (Grey, 16 GB)  (2 GB RAM)",Android Lollipop 5.0.2,,13MP,1280 x 720 Pixels,Nano SIM,5MP,"Light Sensor, Gravity Sensor, Proximity, Magnetic Sensor",100 g
146,53,Yes,3000.0,Dedicated Slot,1.6 GHz,Yes,,53,16 GB,,"Samsung Galaxy J7 Nxt (Black, 16 GB)  (2 GB RAM)",Android Nougat 7,,13MP,1280 x 720 Pixels,Micro SIM (3FF),5MP,"Accelerometer, Proximity Sensor",170 g
147,60,,4000.0,,1.3 GHz,,,60,8 GB,,"Micromax JUICE 3 (COSMIC GREY, 8 GB)  (2 GB RAM)",Android Lollipop V5.1,,8MP,1280 x 720 Pixels,,,,
148,77,,2000.0,,1.3 GHz,,,77,8 GB,,"Micromax Canvas Amaze (Black, 8 GB)  (2 GB RAM)",Android Lollipop 5.1,,13MP,1280 x 720 Pixels,,,,
149,81,Yes,3600.0,,2.3 GHz,,,81,32 GB,Yes,"Samsung Galaxy S7 Edge (Black Onyx, 32 GB)  (4 GB RAM)",Android Marshmallow 6,,12MP,2560 X 1440 Pixels,Nano SIM,5MP,"Accelerometer, Barometer, Fingerprint Sensor, Gyro Sensor, Geo-magnetic Sensor, Hall Sensor, HR Sensor, Proximity Sensor, RGB Light Sensor",157 g
150,123,,1300.0,Dedicated Slot,1.3 GHz,,,123,4 GB,,"Micromax Bharat 2 (Grey, 4 GB)  (512 MB RAM)",Android Marshmallow 6,,2MP,480 x 800 Pixels,,0.3MP,,
151,125,Yes,3000.0,Dedicated Slot,1.6 GHz,Yes,,125,32 GB,,"Samsung Galaxy J7 Nxt (Gold, 32 GB)  (3 GB RAM)",Android Nougat 7,,13MP,1280 x 720 Pixels,Micro SIM (3FF),5MP,"Accelerometer, Proximity Sensor",170 g
152,134,Yes,3300.0,Hybrid Slot,2.2 GHz,Yes,,134,64 GB,,"Samsung Galaxy C7 Pro (Navy Blue, 64 GB)  (4 GB RAM)",Android Marshmallow 6.0,,16MP,1920 x 1080 Pixels,,16MP,,
153,147,Yes,3000.0,Dedicated Slot,1.6 GHz,Yes,,147,32 GB,,"Samsung Galaxy J7 Nxt (Gold, 32 GB)  (3 GB RAM)",Android Nougat 7,,13MP,1280 x 720 Pixels,Micro SIM (3FF),5MP,"Accelerometer, Proximity Sensor",170 g
154,162,Yes,3000.0,Hybrid Slot,2.7 GHz,,ARM Heimdall MP18,162,64 GB,Yes,"Samsung Galaxy S9 (Midnight Black, 64 GB)  (4 GB RAM)",Android Oreo 8,,12MP,2960 x 1440 Pixels,Nano SIM,8MP,,163 g
155,165,Yes,3500.0,Hybrid Slot,2.7 GHz,,ARM Heimdall MP18,165,64 GB,Yes,"Samsung Galaxy S9 Plus (Lilac Purple, 64 GB)  (6 GB RAM)",Android Oreo 8,,12MP + 12MP,2960 x 1440 Pixels,Nano SIM,8MP,,189 g
156,183,Yes,3600.0,Dedicated Slot,1.9 GHz,Yes,,183,32 GB,Yes,"Samsung Galaxy A7-2017 (Black Sky, 32 GB)  (3 GB RAM)",Android Marshmallow 6,,16MP,1920 x 1080 pixels,Nano SIM,16MP,"Accelerometer, Barometer, Fingerprint Sensor, Gyro Sensor, Geomagnetic Sensor, Hall Sensor, Proximity Sensor, RGB Light Sensor",
157,184,Yes,3000.0,Dedicated Slot,1.6 GHz,Yes,,184,32 GB,,"Samsung Galaxy J7 Nxt (Black, 32 GB)  (3 GB RAM)",Android Nougat 7,,13MP,1280 x 720 Pixels,Micro SIM (3FF),5MP,"Accelerometer, Proximity Sensor",170 g
158,205,Yes,1300.0,Dedicated Slot,1.5 GHz,Yes,Mali-400 512 MHz,205,4 GB,,"Micromax Bharat 2 Ultra (Black, 4 GB)  (512 MB RAM)",Android Marshmallow 6.0,,2MP,480 x 800 Pixels,Micro SIM and Normal SIM,0.3MP,Gravity Sensors,120 g
159,231,Yes,4000.0,Dedicated Slot,1.95 GHz,Yes,Qualcomm Adreno 510,231,64 GB,,"Samsung Galaxy C9 Pro (Gold, 64 GB)  (6 GB RAM)",Android Marshmallow 6,,16MP,1920 x 1080 pixels,Nano SIM (4FF),16MP,"Accelerometer, Fingerprint Sensor, Gyro Sensor, Geomagnetic Sensor, Proximity Sensor, RGB Light Sensor",189 g
160,238,Yes,3000.0,Dedicated Slot,1.6 GHz,Yes,,238,16 GB,,"Samsung Galaxy J7 Nxt (Gold, 16 GB)  (2 GB RAM)",Android Nougat 7.0,,13MP,1280 x 720 Pixels,Micro SIM (3FF),5MP,"Accelerometer, Proximity Sensor",170 g
161,243,Yes,3600.0,Dedicated Slot,1.6 GHz,Yes,,243,64 GB,Yes,"Samsung Galaxy J7 Pro (Gold, 64 GB)  (3 GB RAM)",Android Nougat 7.0,,13MP,1920 x 1080 Pixels,Nano SIM (4FF),13MP,"Accelerometer, Fingerprint Sensor, Gyro Sensor, Geomagnetic Sensor, Hall Sensor, Light Sensor, RGB Light Sensor, Proximity Sensor",178 g
162,292,Yes,3000.0,Hybrid Slot,2.7 GHz,,ARM Heimdall MP18,292,64 GB,Yes,"Samsung Galaxy S9 (Lilac Purple, 64 GB)  (4 GB RAM)",Android Oreo 8,,12MP,2960 x 1440 Pixels,Nano SIM,8MP,,163 g
163,305,Yes,2600.0,Dedicated Slot,1.5 GHz,,,305,16 GB,,"Samsung Galaxy J2 Pro (Gold, 16 GB)  (2 GB RAM)",Android Marshmallow 6.0.1,,8MP,1280 x 720 Pixels,Micro SIM,5MP,"Accelerometer Sensor, Proximity Sensor",
164,343,Yes,2600.0,Dedicated Slot,1.5 GHz,Yes,,343,16 GB,Yes,"Samsung Galaxy J3 Pro (Gold, 16 GB)  (2 GB RAM)",Android Lollipop 5.1,,8MP,1280 x 720 Pixels,Micro SIM (3FF),5MP,"Accelerometer, Proximity Sensor",138 g
165,345,Yes,3000.0,Dedicated Slot,1.6 GHz,Yes,,345,32 GB,,"Samsung Galaxy J7 Nxt (Gold, 32 GB)  (3 GB RAM)",Android Nougat 7,,13MP,1280 x 720 Pixels,Micro SIM (3FF),5MP,"Accelerometer, Proximity Sensor",170 g
166,349,Yes,3300.0,Dedicated Slot,1.6 GHz,Yes,ARM Mali T830 MP1,349,32 GB,Yes,"Samsung Galaxy J7 Prime (Gold, 32 GB)  (3 GB RAM)",Android Marshmallow 6,,13MP,1920 x 1080 Pixels,Micro SIM,8MP,"Accelerometer, Light Sensor, Proximity Sensor",
167,355,,3000.0,Hybrid Slot,1.5 GHz,Yes,ARM Mali-T720,355,32 GB,,"Micromax Evok Dual Note (Champagne, 32 GB)  (3 GB RAM)",Android Nougat 7,,13MP + 5MP,1920 x 1080 Pixels,Nano SIM and Nano SIM,5MP,"Gravity Sensors, Proximity Sensor, Light Sensor, Accelerometer, Gyroscope, E-compass",
168,358,Yes,2500.0,Dedicated Slot,1 GHz,Yes,Mali-T720 MP2 at 450 MHz,358,16 GB,,"Micromax Canvas Unite 4 Plus (Champange, 16 GB)  (2 GB RAM)",Android Marshmallow 6,,8MP,1280 x 720 pixels,Micro SIM and Micro SIM,5MP,"Fingerprint Sensor, Gravity Sensors, Proximity Sensor, Light Sensor",
169,387,Yes,3300.0,Dedicated Slot,1.6 GHz,Yes,ARM Mali T830 MP1,387,32 GB,Yes,"Samsung Galaxy J7 Prime (Gold, 32 GB)  (3 GB RAM)",Android Marshmallow 6,,13MP,1920 x 1080 Pixels,Micro SIM,8MP,"Accelerometer, Light Sensor, Proximity Sensor",
170,399,Yes,3000.0,Hybrid Slot,2.7 GHz,,ARM Heimdall MP18,399,64 GB,Yes,"Samsung Galaxy S9 (Lilac Purple, 64 GB)  (4 GB RAM)",Android Oreo 8,,12MP,2960 x 1440 Pixels,Nano SIM,8MP,,163 g
171,447,Yes,3300.0,Dedicated Slot,1.6 GHz,Yes,ARM Mali T830 MP1,447,32 GB,Yes,"Samsung Galaxy J7 Prime (Gold, 32 GB)  (3 GB RAM)",Android Marshmallow 6,,13MP,1920 x 1080 Pixels,Micro SIM,8MP,"Accelerometer, Light Sensor, Proximity Sensor",
172,450,Yes,3000.0,Dedicated Slot,1.6 GHz,Yes,,450,16 GB,,"Samsung Galaxy J7 Nxt (Black, 16 GB)  (2 GB RAM)",Android Nougat 7,,13MP,1280 x 720 Pixels,Micro SIM (3FF),5MP,"Accelerometer, Proximity Sensor",170 g
173,454,Yes,3300.0,Dedicated Slot,1.6 GHz,Yes,ARM Mali T830 MP1,454,32 GB,Yes,"Samsung Galaxy J7 Prime (Gold, 32 GB)  (3 GB RAM)",Android Marshmallow 6,,13MP,1920 x 1080 Pixels,Micro SIM,8MP,"Accelerometer, Light Sensor, Proximity Sensor",
174,455,Yes,3300.0,Dedicated Slot,1.6 GHz,Yes,ARM Mali T830 MP1,455,32 GB,Yes,"Samsung Galaxy J7 Prime (Gold, 32 GB)  (3 GB RAM)",Android Marshmallow 6,,13MP,1920 x 1080 Pixels,Micro SIM,8MP,"Accelerometer, Light Sensor, Proximity Sensor",
175,458,Yes,3300.0,Dedicated Slot,1.6 GHz,Yes,ARM Mali T830 MP1,458,32 GB,Yes,"Samsung Galaxy J7 Prime (Gold, 32 GB)  (3 GB RAM)",Android Marshmallow 6,,13MP,1920 x 1080 Pixels,Micro SIM,8MP,"Accelerometer, Light Sensor, Proximity Sensor",
176,465,Yes,3300.0,Dedicated Slot,1.6 GHz,Yes,ARM Mali T830 MP1,465,32 GB,Yes,"Samsung Galaxy J7 Prime (Gold, 32 GB)  (3 GB RAM)",Android Marshmallow 6,,13MP,1920 x 1080 Pixels,Micro SIM,8MP,"Accelerometer, Light Sensor, Proximity Sensor",
177,468,Yes,3000.0,Dedicated Slot,1.6 GHz,Yes,,468,32 GB,,"Samsung Galaxy J7 Nxt (Gold, 32 GB)  (3 GB RAM)",Android Nougat 7,,13MP,1280 x 720 Pixels,Micro SIM (3FF),5MP,"Accelerometer, Proximity Sensor",170 g
178,486,Yes,2800.0,,1.3 GHz,,,486,16 GB,,"HTC Desire 728G Dual Sim (GSM + UMTS) (White Luxury, 16 GB)  (1.5 GB RAM)",Android Lollipop 5.0.2,,13MP,1280 x 720 Pixels,Nano SIM,5MP,,153 g
179,494,Yes,2000.0,,,,,494,32 MB,,Celkon C9 Jumbo  (Black & Red),,,1.3MP,240 x 320 Pixels,Full Size SIM,,,
180,497,Yes,3000.0,Dedicated Slot,1.6 GHz,Yes,,497,32 GB,,"Samsung Galaxy J7 Nxt (Gold, 32 GB)  (3 GB RAM)",Android Nougat 7,,13MP,1280 x 720 Pixels,Micro SIM (3FF),5MP,"Accelerometer, Proximity Sensor",170 g
181,498,Yes,3300.0,Dedicated Slot,1.6 GHz,Yes,ARM Mali T830 MP1,498,64 GB,,"Samsung Galaxy On Nxt (Gold, 64 GB)  (3 GB RAM)",Android Marshmallow 6,,13MP,1920 x 1080 pixels,Nano SIM,8MP,"Accelerometer, Proximity Sensor, Fingerprint Sensor",167 g
182,504,Yes,3000.0,Dedicated Slot,1.4 GHz,Yes,"Adreno 505, 450 MHz",504,64 GB,,"Micromax Canvas Infinity Pro (Black, 64 GB)  (4 GB RAM)",Android Nougat 7,,16MP,1440 x 720 Pixels,Micro SIM and Micro SIM,20MP + 8MP,"Proximity Sensor, Light Sensor, Accelerometer, Gyro, Magnetic Sensor (Compass), Hall IC",
183,548,Yes,2000.0,Dedicated Slot,1.3 GHz,Yes,Mali-400 MP2,548,4 GB,No,"Micromax Unite 2 A106 (Grey, 4 GB)  (1 GB RAM)",Android KitKat 4.4.2,,5MP,800 x 480 Pixels,,2MP,"Accelerometer, Gravity Sensor, Proximity Sensor",
184,550,Yes,3600.0,Dedicated Slot,1.6 GHz,Yes,,550,64 GB,Yes,"Samsung Galaxy J7 Pro (Gold, 64 GB)  (3 GB RAM)",Android Nougat 7.0,,13MP,1920 x 1080 Pixels,Nano SIM (4FF),13MP,"Accelerometer, Fingerprint Sensor, Gyro Sensor, Geomagnetic Sensor, Hall Sensor, Light Sensor, RGB Light Sensor, Proximity Sensor",178 g
185,552,Yes,3300.0,Dedicated Slot,1.6 GHz,Yes,ARM Mali T830 MP1,552,32 GB,Yes,"Samsung Galaxy J7 Prime (Gold, 32 GB)  (3 GB RAM)",Android Marshmallow 6,,13MP,1920 x 1080 Pixels,Micro SIM,8MP,"Accelerometer, Light Sensor, Proximity Sensor",
186,556,Yes,3300.0,Dedicated Slot,1.6 GHz,Yes,ARM Mali T830 MP1,556,32 GB,Yes,"Samsung Galaxy J7 Prime (Gold, 32 GB)  (3 GB RAM)",Android Marshmallow 6,,13MP,1920 x 1080 Pixels,Micro SIM,8MP,"Accelerometer, Light Sensor, Proximity Sensor",
187,560,Yes,3300.0,Dedicated Slot,1.6 GHz,Yes,ARM Mali T830 MP1,560,32 GB,Yes,"Samsung Galaxy J7 Prime (Gold, 32 GB)  (3 GB RAM)",Android Marshmallow 6,,13MP,1920 x 1080 Pixels,Micro SIM,8MP,"Accelerometer, Light Sensor, Proximity Sensor",
188,561,Yes,3300.0,Dedicated Slot,1.6 GHz,Yes,ARM Mali T830 MP1,561,32 GB,Yes,"Samsung Galaxy J7 Prime (Gold, 32 GB)  (3 GB RAM)",Android Marshmallow 6,,13MP,1920 x 1080 Pixels,Micro SIM,8MP,"Accelerometer, Light Sensor, Proximity Sensor",
189,563,Yes,3000.0,Dedicated Slot,1.6 GHz,Yes,,563,32 GB,,"Samsung Galaxy J7 Nxt (Gold, 32 GB)  (3 GB RAM)",Android Nougat 7,,13MP,1280 x 720 Pixels,Micro SIM (3FF),5MP,"Accelerometer, Proximity Sensor",170 g
190,568,Yes,3300.0,,1.6 GHz,Yes,,568,16 GB,Yes,"Samsung Galaxy A7 2016 Edition (Gold, 16 GB)  (3 GB RAM)",Android Lollipop 5.1,,13MP,1920 x 1080 Pixels,Nano SIM,5MP,"Accelerometer, Fingerprint Sensor, Geo-magnetic Sensor, Hall Sensor, Proximity Sensor, RGB Light Sensor",169 g
191,570,Yes,3300.0,Dedicated Slot,1.6 GHz,Yes,ARM Mali T830 MP1,570,32 GB,Yes,"Samsung Galaxy J7 Prime (Gold, 32 GB)  (3 GB RAM)",Android Marshmallow 6,,13MP,1920 x 1080 Pixels,Micro SIM,8MP,"Accelerometer, Light Sensor, Proximity Sensor",
192,571,Yes,3300.0,Dedicated Slot,1.6 GHz,Yes,ARM Mali T830 MP1,571,32 GB,Yes,"Samsung Galaxy J7 Prime (Gold, 32 GB)  (3 GB RAM)",Android Marshmallow 6,,13MP,1920 x 1080 Pixels,Micro SIM,8MP,"Accelerometer, Light Sensor, Proximity Sensor",
193,573,Yes,3000.0,Dedicated Slot,1.6 GHz,Yes,,573,16 GB,,"Samsung Galaxy J7 Nxt (Black, 16 GB)  (2 GB RAM)",Android Nougat 7,,13MP,1280 x 720 Pixels,Micro SIM (3FF),5MP,"Accelerometer, Proximity Sensor",170 g
194,579,Yes,3300.0,Dedicated Slot,1.6 GHz,Yes,ARM Mali T830 MP1,579,32 GB,Yes,"Samsung Galaxy J7 Prime (Gold, 32 GB)  (3 GB RAM)",Android Marshmallow 6,,13MP,1920 x 1080 Pixels,Micro SIM,8MP,"Accelerometer, Light Sensor, Proximity Sensor",
195,587,Yes,3300.0,Dedicated Slot,1.6 GHz,Yes,ARM Mali T830 MP1,587,32 GB,Yes,"Samsung Galaxy J7 Prime (Gold, 32 GB)  (3 GB RAM)",Android Marshmallow 6,,13MP,1920 x 1080 Pixels,Micro SIM,8MP,"Accelerometer, Light Sensor, Proximity Sensor",
196,607,Yes,3600.0,Dedicated Slot,1.6 GHz,Yes,,607,64 GB,Yes,"Samsung Galaxy J7 Pro (Black, 64 GB)  (3 GB RAM)",Android Nougat 7.0,,13MP,1920 x 1080 Pixels,Nano SIM (4FF),13MP,"Accelerometer, Fingerprint Sensor, Gyro Sensor, Geomagnetic Sensor, Hall Sensor, Light Sensor, RGB Light Sensor, Proximity Sensor",178 g
197,611,Yes,3600.0,Dedicated Slot,1.6 GHz,Yes,,611,64 GB,Yes,"Samsung Galaxy J7 Pro (Black, 64 GB)  (3 GB RAM)",Android Nougat 7.0,,13MP,1920 x 1080 Pixels,Nano SIM (4FF),13MP,"Accelerometer, Fingerprint Sensor, Gyro Sensor, Geomagnetic Sensor, Hall Sensor, Light Sensor, RGB Light Sensor, Proximity Sensor",178 g
198,612,Yes,3600.0,Dedicated Slot,1.6 GHz,Yes,,612,64 GB,Yes,"Samsung Galaxy J7 Pro (Black, 64 GB)  (3 GB RAM)",Android Nougat 7.0,,13MP,1920 x 1080 Pixels,Nano SIM (4FF),13MP,"Accelerometer, Fingerprint Sensor, Gyro Sensor, Geomagnetic Sensor, Hall Sensor, Light Sensor, RGB Light Sensor, Proximity Sensor",178 g
199,616,Yes,3600.0,Dedicated Slot,1.6 GHz,Yes,,616,64 GB,Yes,"Samsung Galaxy J7 Pro (Black, 64 GB)  (3 GB RAM)",Android Nougat 7.0,,13MP,1920 x 1080 Pixels,Nano SIM (4FF),13MP,"Accelerometer, Fingerprint Sensor, Gyro Sensor, Geomagnetic Sensor, Hall Sensor, Light Sensor, RGB Light Sensor, Proximity Sensor",178 g
200,617,Yes,3600.0,Dedicated Slot,1.6 GHz,Yes,,617,64 GB,Yes,"Samsung Galaxy J7 Pro (Black, 64 GB)  (3 GB RAM)",Android Nougat 7.0,,13MP,1920 x 1080 Pixels,Nano SIM (4FF),13MP,"Accelerometer, Fingerprint Sensor, Gyro Sensor, Geomagnetic Sensor, Hall Sensor, Light Sensor, RGB Light Sensor, Proximity Sensor",178 g
201,621,Yes,3000.0,Dedicated Slot,1.6 GHz,Yes,,621,32 GB,,"Samsung Galaxy J7 Nxt (Black, 32 GB)  (3 GB RAM)",Android Nougat 7,,13MP,1280 x 720 Pixels,Micro SIM (3FF),5MP,"Accelerometer, Proximity Sensor",170 g
202,627,Yes,3000.0,Dedicated Slot,1.6 GHz,Yes,,627,32 GB,,"Samsung Galaxy J7 Nxt (Black, 32 GB)  (3 GB RAM)",Android Nougat 7,,13MP,1280 x 720 Pixels,Micro SIM (3FF),5MP,"Accelerometer, Proximity Sensor",170 g
203,629,Yes,4000.0,Hybrid Slot,1.3 GHz,Yes,450 MHz,629,32 GB,,"Micromax Evok Note (Champagne, 32 GB)  (3 GB RAM)",Android Marshmallow 6,,13MP,1920 x 1080 pixels,Nano SIM and Nano SIM,5MP,"Fingerprint Sensor, Gravity Sensors, Proximity Sensor, Light Sensor, Accelerometer, Gyroscope Sensor",162 g
204,631,Yes,3600.0,Dedicated Slot,1.6 GHz,Yes,,631,64 GB,Yes,"Samsung Galaxy J7 Pro (Black, 64 GB)  (3 GB RAM)",Android Nougat 7.0,,13MP,1920 x 1080 Pixels,Nano SIM (4FF),13MP,"Accelerometer, Fingerprint Sensor, Gyro Sensor, Geomagnetic Sensor, Hall Sensor, Light Sensor, RGB Light Sensor, Proximity Sensor",178 g
205,644,,1000.0,,,,,644,2.27 MB,,Samsung Metro 313 Dual Sim  (Gold),,,3MP,128 x 160 Pixels,Micro SIM,,,75.2 g
206,666,Yes,3600.0,Dedicated Slot,1.6 GHz,Yes,,666,64 GB,Yes,"Samsung Galaxy J7 Pro (Black, 64 GB)  (3 GB RAM)",Android Nougat 7.0,,13MP,1920 x 1080 Pixels,Nano SIM (4FF),13MP,"Accelerometer, Fingerprint Sensor, Gyro Sensor, Geomagnetic Sensor, Hall Sensor, Light Sensor, RGB Light Sensor, Proximity Sensor",178 g
207,677,Yes,3600.0,Dedicated Slot,1.6 GHz,Yes,,677,64 GB,Yes,"Samsung Galaxy J7 Pro (Black, 64 GB)  (3 GB RAM)",Android Nougat 7.0,,13MP,1920 x 1080 Pixels,Nano SIM (4FF),13MP,"Accelerometer, Fingerprint Sensor, Gyro Sensor, Geomagnetic Sensor, Hall Sensor, Light Sensor, RGB Light Sensor, Proximity Sensor",178 g
208,717,Yes,3300.0,Dedicated Slot,1.6 GHz,Yes,ARM Mali T830 MP1,717,16 GB,Yes,"Samsung Galaxy J7 Prime (Black, 16 GB)  (3 GB RAM)",Android Marshmallow 6,,13MP,1920 x 1080 Pixels,Micro SIM,8MP,"Accelerometer, Light Sensor, Proximity Sensor",
209,731,Yes,2000.0,,,,,731,32 MB,,Celkon C9 Jumbo  (Black & Red),,,1.3MP,240 x 320 Pixels,Full Size SIM,,,
210,748,Yes,3300.0,Dedicated Slot,1.6 GHz,Yes,ARM Mali T830 MP1,748,32 GB,Yes,"Samsung Galaxy J7 Prime (Black, 32 GB)  (3 GB RAM)",Android Marshmallow 6,,13MP,1920 x 1080 Pixels,Micro SIM,8MP,"Accelerometer, Light Sensor, Proximity Sensor",
211,749,,3000.0,Dedicated Slot,1.5 GHz,,,749,32 GB,,"Moto G4 Plus (White, 32 GB)  (3 GB RAM)",Android Marshmallow 6.0.1,,16MP,1080 x 1920 Pixels,,5MP,,
212,781,,2000.0,,1.3 GHz,,,781,8 GB,,"Micromax Canvas Amaze (Black, 8 GB)  (2 GB RAM)",Android Lollipop 5.1,,13MP,1280 x 720 Pixels,,,,
213,830,,2000.0,Dedicated Slot,1.0 GHz,,,830,16 GB,,"Micromax Canvas 5 Lite (Slate Grey, 16 GB)  (2 GB RAM)",Android Lollipop 5.1,,8MP,1280 x 720 Pixels,,,,
214,835,,2000.0,,1.3 GHz,,,835,8 GB,,"Micromax Canvas Amaze (Black, 8 GB)  (2 GB RAM)",Android Lollipop 5.1,,13MP,1280 x 720 Pixels,,,,
215,889,Yes,3300.0,Dedicated Slot,1.6 GHz,Yes,ARM Mali T830 MP1,889,32 GB,Yes,"Samsung Galaxy J7 Prime (Gold, 32 GB)  (3 GB RAM)",Android Marshmallow 6,,13MP,1920 x 1080 Pixels,Micro SIM,8MP,"Accelerometer, Light Sensor, Proximity Sensor",
216,890,Yes,3300.0,Dedicated Slot,1.6 GHz,Yes,ARM Mali T830 MP1,890,32 GB,Yes,"Samsung Galaxy J7 Prime (Black, 32 GB)  (3 GB RAM)",Android Marshmallow 6,,13MP,1920 x 1080 Pixels,Micro SIM,8MP,"Accelerometer, Light Sensor, Proximity Sensor",
217,892,Yes,3300.0,Dedicated Slot,1.6 GHz,Yes,ARM Mali T830 MP1,892,64 GB,,"Samsung Galaxy On Nxt (Black, 64 GB)  (3 GB RAM)",Android Marshmallow 6,,13MP,1920 x 1080 pixels,Nano SIM,8MP,"Accelerometer, Proximity Sensor, Fingerprint Sensor",167 g
218,894,Yes,3000.0,Dedicated Slot,1.9 GHz,Yes,,894,32 GB,Yes,"Samsung Galaxy A5-2017 (Black Sky, 32 GB)  (3 GB RAM)",Android Marshmallow 6,,16MP,1920 x 1080 pixels,Nano SIM,16MP,"Accelerometer, Barometer, Fingerprint Sensor, Gyro Sensor, Geomagnetic Sensor, Hall Sensor, Proximity Sensor, RGB Light Sensor",
219,898,,1200.0,,,,,898,,,Nokia 230 Dual SIM  (Dark Silver),,,2MP,240 x 320 Pixels,,,,
220,936,,4000.0,,1.3 GHz,,,936,8 GB,,"Micromax JUICE 3 (COSMIC GREY, 8 GB)  (2 GB RAM)",Android Lollipop V5.1,,8MP,1280 x 720 Pixels,,,,
221,970,Yes,3600.0,Dedicated Slot,1.6 GHz,Yes,,970,64 GB,Yes,"Samsung Galaxy J7 Pro (Black, 64 GB)  (3 GB RAM)",Android Nougat 7.0,,13MP,1920 x 1080 Pixels,Nano SIM (4FF),13MP,"Accelerometer, Fingerprint Sensor, Gyro Sensor, Geomagnetic Sensor, Hall Sensor, Light Sensor, RGB Light Sensor, Proximity Sensor",178 g
222,972,Yes,3600.0,Dedicated Slot,1.6 GHz,Yes,,972,64 GB,Yes,"Samsung Galaxy J7 Pro (Black, 64 GB)  (3 GB RAM)",Android Nougat 7.0,,13MP,1920 x 1080 Pixels,Nano SIM (4FF),13MP,"Accelerometer, Fingerprint Sensor, Gyro Sensor, Geomagnetic Sensor, Hall Sensor, Light Sensor, RGB Light Sensor, Proximity Sensor",178 g
223,977,Yes,3600.0,Dedicated Slot,1.6 GHz,Yes,,977,64 GB,Yes,"Samsung Galaxy J7 Pro (Black, 64 GB)  (3 GB RAM)",Android Nougat 7.0,,13MP,1920 x 1080 Pixels,Nano SIM (4FF),13MP,"Accelerometer, Fingerprint Sensor, Gyro Sensor, Geomagnetic Sensor, Hall Sensor, Light Sensor, RGB Light Sensor, Proximity Sensor",178 g
224,981,Yes,3600.0,Dedicated Slot,1.6 GHz,Yes,,981,64 GB,Yes,"Samsung Galaxy J7 Pro (Black, 64 GB)  (3 GB RAM)",Android Nougat 7.0,,13MP,1920 x 1080 Pixels,Nano SIM (4FF),13MP,"Accelerometer, Fingerprint Sensor, Gyro Sensor, Geomagnetic Sensor, Hall Sensor, Light Sensor, RGB Light Sensor, Proximity Sensor",178 g
225,982,Yes,3600.0,Dedicated Slot,1.6 GHz,Yes,,982,64 GB,Yes,"Samsung Galaxy J7 Pro (Black, 64 GB)  (3 GB RAM)",Android Nougat 7.0,,13MP,1920 x 1080 Pixels,Nano SIM (4FF),13MP,"Accelerometer, Fingerprint Sensor, Gyro Sensor, Geomagnetic Sensor, Hall Sensor, Light Sensor, RGB Light Sensor, Proximity Sensor",178 g
226,996,Yes,3600.0,Dedicated Slot,1.6 GHz,Yes,,996,64 GB,Yes,"Samsung Galaxy J7 Pro (Black, 64 GB)  (3 GB RAM)",Android Nougat 7.0,,13MP,1920 x 1080 Pixels,Nano SIM (4FF),13MP,"Accelerometer, Fingerprint Sensor, Gyro Sensor, Geomagnetic Sensor, Hall Sensor, Light Sensor, RGB Light Sensor, Proximity Sensor",178 g
227,997,Yes,3600.0,Dedicated Slot,1.6 GHz,Yes,,997,64 GB,Yes,"Samsung Galaxy J7 Pro (Black, 64 GB)  (3 GB RAM)",Android Nougat 7.0,,13MP,1920 x 1080 Pixels,Nano SIM (4FF),13MP,"Accelerometer, Fingerprint Sensor, Gyro Sensor, Geomagnetic Sensor, Hall Sensor, Light Sensor, RGB Light Sensor, Proximity Sensor",178 g
228,1006,,2600.0,Dedicated Slot,1.4 GHz,Yes,,1006,8 GB,,"Samsung Galaxy J2 Ace (Black, 8 GB)  (1.5 GB RAM)",Android Marshmallow 6,,8MP,540 x 960 Pixels,Micro SIM,5MP,"Accelerometer, Proximity Sensor",
229,1010,Yes,2800.0,,1.3 GHz,,,1010,16 GB,,"HTC Desire 728G Dual Sim (GSM + UMTS) (White Luxury, 16 GB)  (1.5 GB RAM)",Android Lollipop 5.0.2,,13MP,1280 x 720 Pixels,Nano SIM,5MP,,153 g
230,1012,Yes,3600.0,Dedicated Slot,1.6 GHz,Yes,,1012,64 GB,Yes,"Samsung Galaxy J7 Pro (Black, 64 GB)  (3 GB RAM)",Android Nougat 7.0,,13MP,1920 x 1080 Pixels,Nano SIM (4FF),13MP,"Accelerometer, Fingerprint Sensor, Gyro Sensor, Geomagnetic Sensor, Hall Sensor, Light Sensor, RGB Light Sensor, Proximity Sensor",178 g
231,1028,Yes,3300.0,Dedicated Slot,1.6 GHz,Yes,ARM Mali T830 MP1,1028,16 GB,Yes,"Samsung Galaxy J7 Prime (Gold, 16 GB)  (3 GB RAM)",Android Marshmallow 6,,13MP,1920 x 1080 Pixels,Micro SIM,8MP,"Accelerometer, Light Sensor, Proximity Sensor",167 g
232,1041,Yes,3300.0,Dedicated Slot,1.6 GHz,Yes,ARM Mali T830 MP1,1041,16 GB,Yes,"Samsung Galaxy J7 Prime (Black, 16 GB)  (3 GB RAM)",Android Marshmallow 6,,13MP,1920 x 1080 Pixels,Micro SIM,8MP,"Accelerometer, Light Sensor, Proximity Sensor",
233,1052,Yes,3600.0,,2.3 GHz,,,1052,32 GB,Yes,"Samsung Galaxy S7 Edge (Silver Titanium, 32 GB)  (4 GB RAM)",Android Marshmallow 6,,12MP,2560 X 1440 Pixels,Nano SIM,5MP,"Accelerometer, Barometer, Fingerprint Sensor, Gyro Sensor, Geo-magnetic Sensor, Hall Sensor, HR Sensor, Proximity Sensor, RGB Light Sensor",157 g
234,1054,Yes,2000.0,Dedicated Slot,1 GHz,Yes,Mali 400-MP2 at 416 MHz,1054,16 GB,,"Micromax Canvas 5 Lite-Special Edition (Walnut Wood, 16 GB)  (3 GB RAM)",Android Lollipop 5.1,,8MP,1280 x 720 Pixels,Micro SIM and Micro SIM,5MP,"Gravity Sensor, Proximity Sensor, Light Sensor",
235,1068,Yes,2280.0,,1.5 GHz,Yes,,1068,16 GB,,"Micromax Canvas Knight 2 (Black & Champagne, 16 GB)  (2 GB RAM)",Android Lollipop 5,,13MP,1280 x 720 Pixels,,5MP,"Gravity Sensor, Proximity, Light Sensor, Accelerometer",
236,1129,Yes,3600.0,Dedicated Slot,1.6 GHz,Yes,,1129,64 GB,Yes,"Samsung Galaxy J7 Pro (Black, 64 GB)  (3 GB RAM)",Android Nougat 7.0,,13MP,1920 x 1080 Pixels,Nano SIM (4FF),13MP,"Accelerometer, Fingerprint Sensor, Gyro Sensor, Geomagnetic Sensor, Hall Sensor, Light Sensor, RGB Light Sensor, Proximity Sensor",178 g
237,1131,Yes,3600.0,Dedicated Slot,1.6 GHz,Yes,,1131,64 GB,Yes,"Samsung Galaxy J7 Pro (Black, 64 GB)  (3 GB RAM)",Android Nougat 7.0,,13MP,1920 x 1080 Pixels,Nano SIM (4FF),13MP,"Accelerometer, Fingerprint Sensor, Gyro Sensor, Geomagnetic Sensor, Hall Sensor, Light Sensor, RGB Light Sensor, Proximity Sensor",178 g
238,1137,Yes,3600.0,Dedicated Slot,1.6 GHz,Yes,,1137,64 GB,Yes,"Samsung Galaxy J7 Pro (Gold, 64 GB)  (3 GB RAM)",Android Nougat 7.0,,13MP,1920 x 1080 Pixels,Nano SIM (4FF),13MP,"Accelerometer, Fingerprint Sensor, Gyro Sensor, Geomagnetic Sensor, Hall Sensor, Light Sensor, RGB Light Sensor, Proximity Sensor",178 g
239,1141,Yes,3600.0,Dedicated Slot,1.6 GHz,Yes,,1141,64 GB,Yes,"Samsung Galaxy J7 Pro (Black, 64 GB)  (3 GB RAM)",Android Nougat 7.0,,13MP,1920 x 1080 Pixels,Nano SIM (4FF),13MP,"Accelerometer, Fingerprint Sensor, Gyro Sensor, Geomagnetic Sensor, Hall Sensor, Light Sensor, RGB Light Sensor, Proximity Sensor",178 g
240,1142,Yes,3600.0,Dedicated Slot,1.6 GHz,Yes,,1142,64 GB,Yes,"Samsung Galaxy J7 Pro (Gold, 64 GB)  (3 GB RAM)",Android Nougat 7.0,,13MP,1920 x 1080 Pixels,Nano SIM (4FF),13MP,"Accelerometer, Fingerprint Sensor, Gyro Sensor, Geomagnetic Sensor, Hall Sensor, Light Sensor, RGB Light Sensor, Proximity Sensor",178 g
241,1156,Yes,3600.0,Dedicated Slot,1.6 GHz,Yes,,1156,64 GB,Yes,"Samsung Galaxy J7 Pro (Black, 64 GB)  (3 GB RAM)",Android Nougat 7.0,,13MP,1920 x 1080 Pixels,Nano SIM (4FF),13MP,"Accelerometer, Fingerprint Sensor, Gyro Sensor, Geomagnetic Sensor, Hall Sensor, Light Sensor, RGB Light Sensor, Proximity Sensor",178 g
242,1157,Yes,3600.0,Dedicated Slot,1.6 GHz,Yes,,1157,64 GB,Yes,"Samsung Galaxy J7 Pro (Gold, 64 GB)  (3 GB RAM)",Android Nougat 7.0,,13MP,1920 x 1080 Pixels,Nano SIM (4FF),13MP,"Accelerometer, Fingerprint Sensor, Gyro Sensor, Geomagnetic Sensor, Hall Sensor, Light Sensor, RGB Light Sensor, Proximity Sensor",178 g
243,1158,Yes,2800.0,Dedicated Slot,1.5 GHz,,,1158,16 GB,,"HTC Desire 828 Dual Sim (Dark Grey, 16 GB)  (2 GB RAM)",Android Lollipop 5.1,,13MP,1080 x 1920 Pixels,Nano SIM,,,148 g
244,1161,Yes,3600.0,Dedicated Slot,1.6 GHz,Yes,,1161,64 GB,Yes,"Samsung Galaxy J7 Pro (Black, 64 GB)  (3 GB RAM)",Android Nougat 7.0,,13MP,1920 x 1080 Pixels,Nano SIM (4FF),13MP,"Accelerometer, Fingerprint Sensor, Gyro Sensor, Geomagnetic Sensor, Hall Sensor, Light Sensor, RGB Light Sensor, Proximity Sensor",178 g
245,1163,Yes,2000.0,Dedicated Slot,1.3 GHz,Yes,Mali-T20,1163,8 GB,No,"Samsung Galaxy J2 (White, 8 GB)  (1 GB RAM)",Android Lollipop 5.1.1,,5MP,960 x 540 Pixels,Micro SIM,2MP,"Accelerometer, Proximity Sensor",130 g
246,1181,Yes,3600.0,Dedicated Slot,1.6 GHz,Yes,,1181,64 GB,Yes,"Samsung Galaxy J7 Pro (Black, 64 GB)  (3 GB RAM)",Android Nougat 7.0,,13MP,1920 x 1080 Pixels,Nano SIM (4FF),13MP,"Accelerometer, Fingerprint Sensor, Gyro Sensor, Geomagnetic Sensor, Hall Sensor, Light Sensor, RGB Light Sensor, Proximity Sensor",178 g
247,1192,Yes,3600.0,Dedicated Slot,1.6 GHz,Yes,,1192,64 GB,Yes,"Samsung Galaxy J7 Pro (Gold, 64 GB)  (3 GB RAM)",Android Nougat 7.0,,13MP,1920 x 1080 Pixels,Nano SIM (4FF),13MP,"Accelerometer, Fingerprint Sensor, Gyro Sensor, Geomagnetic Sensor, Hall Sensor, Light Sensor, RGB Light Sensor, Proximity Sensor",178 g
248,1201,Yes,2000.0,Dedicated Slot,1.3 GHz,Yes,Mali-400 MP2,1201,4 GB,No,"Micromax Unite 2 A106 (Grey, 4 GB)  (1 GB RAM)",Android KitKat 4.4.2,,5MP,800 x 480 Pixels,,2MP,"Accelerometer, Gravity Sensor, Proximity Sensor",
249,1229,Yes,2500.0,Dedicated Slot,1 GHz,Yes,Mali-T720 MP2 at 450 MHz,1229,16 GB,,"Micromax Canvas Unite 4 Plus (Silver, 16 GB)  (2 GB RAM)",Android Marshmallow 6,,8MP,1280 x 720 pixels,Micro SIM and Micro SIM,5MP,"Fingerprint Sensor, Gravity Sensors, Proximity Sensor, Light Sensor",
250,1267,Yes,3500.0,Hybrid Slot,2.7 GHz,,ARM Heimdall MP18,1267,64 GB,Yes,"Samsung Galaxy S9 Plus (Lilac Purple, 64 GB)  (6 GB RAM)",Android Oreo 8,,12MP + 12MP,2960 x 1440 Pixels,Nano SIM,8MP,,189 g
251,1271,Yes,2500.0,Dedicated Slot,1.1 GHz,Yes,Mali-T720-MP1 at 650 MHz,1271,16 GB,,"Micromax Spark 4G Prime (Cosmic Grey, 16 GB)  (2 GB RAM)",Android Nougat 7,,8MP,480 x 854 Pixels,Micro SIM and Micro SIM,5MP,"Gravity Sensors, Proximity Sensor, Light Sensor",161 g
252,1285,Yes,3300.0,Dedicated Slot,1.6 GHz,Yes,ARM Mali T830 MP1,1285,32 GB,Yes,"Samsung Galaxy J7 Prime (Black, 32 GB)  (3 GB RAM)",Android Marshmallow 6,,13MP,1920 x 1080 Pixels,Micro SIM,8MP,"Accelerometer, Light Sensor, Proximity Sensor",
253,1287,,3300.0,Dedicated Slot,2.39 GHz,,,1287,32 GB,,"Samsung Galaxy On Max (Gold, 32 GB)  (4 GB RAM)",Android Nougat 7,,13MP,1920 x 1080 pixels,,13MP,"Accelerometer,Fingerprint Sensor,Gyro Sensor,Geomagnetic Sensor,Light Sensor,Proximity Sensor",179 g
254,1291,Yes,3600.0,Dedicated Slot,1.6 GHz,Yes,,1291,64 GB,Yes,"Samsung Galaxy J7 Pro (Gold, 64 GB)  (3 GB RAM)",Android Nougat 7.0,,13MP,1920 x 1080 Pixels,Nano SIM (4FF),13MP,"Accelerometer, Fingerprint Sensor, Gyro Sensor, Geomagnetic Sensor, Hall Sensor, Light Sensor, RGB Light Sensor, Proximity Sensor",178 g
255,1296,Yes,3600.0,Dedicated Slot,1.6 GHz,Yes,,1296,64 GB,Yes,"Samsung Galaxy J7 Pro (Gold, 64 GB)  (3 GB RAM)",Android Nougat 7.0,,13MP,1920 x 1080 Pixels,Nano SIM (4FF),13MP,"Accelerometer, Fingerprint Sensor, Gyro Sensor, Geomagnetic Sensor, Hall Sensor, Light Sensor, RGB Light Sensor, Proximity Sensor",178 g
256,1297,Yes,3600.0,Dedicated Slot,1.6 GHz,Yes,,1297,64 GB,Yes,"Samsung Galaxy J7 Pro (Gold, 64 GB)  (3 GB RAM)",Android Nougat 7.0,,13MP,1920 x 1080 Pixels,Nano SIM (4FF),13MP,"Accelerometer, Fingerprint Sensor, Gyro Sensor, Geomagnetic Sensor, Hall Sensor, Light Sensor, RGB Light Sensor, Proximity Sensor",178 g
257,1301,Yes,3600.0,Dedicated Slot,1.6 GHz,Yes,,1301,64 GB,Yes,"Samsung Galaxy J7 Pro (Gold, 64 GB)  (3 GB RAM)",Android Nougat 7.0,,13MP,1920 x 1080 Pixels,Nano SIM (4FF),13MP,"Accelerometer, Fingerprint Sensor, Gyro Sensor, Geomagnetic Sensor, Hall Sensor, Light Sensor, RGB Light Sensor, Proximity Sensor",178 g
258,1308,Yes,2000.0,Dedicated Slot,1.3 GHz,Yes,Mali-T20,1308,8 GB,,"Samsung Galaxy J2 (Gold, 8 GB)  (1 GB RAM)",Android Lollipop 5.1.1,,5MP,960 x 540 Pixels,Micro SIM,2MP,"Accelerometer, Proximity Sensor",130 g
259,1312,Yes,3600.0,Dedicated Slot,1.6 GHz,Yes,,1312,64 GB,Yes,"Samsung Galaxy J7 Pro (Gold, 64 GB)  (3 GB RAM)",Android Nougat 7.0,,13MP,1920 x 1080 Pixels,Nano SIM (4FF),13MP,"Accelerometer, Fingerprint Sensor, Gyro Sensor, Geomagnetic Sensor, Hall Sensor, Light Sensor, RGB Light Sensor, Proximity Sensor",178 g
260,1361,Yes,3600.0,Dedicated Slot,1.6 GHz,Yes,,1361,64 GB,Yes,"Samsung Galaxy J7 Pro (Gold, 64 GB)  (3 GB RAM)",Android Nougat 7.0,,13MP,1920 x 1080 Pixels,Nano SIM (4FF),13MP,"Accelerometer, Fingerprint Sensor, Gyro Sensor, Geomagnetic Sensor, Hall Sensor, Light Sensor, RGB Light Sensor, Proximity Sensor",178 g
261,1366,Yes,3600.0,Dedicated Slot,1.6 GHz,Yes,,1366,64 GB,Yes,"Samsung Galaxy J7 Pro (Gold, 64 GB)  (3 GB RAM)",Android Nougat 7.0,,13MP,1920 x 1080 Pixels,Nano SIM (4FF),13MP,"Accelerometer, Fingerprint Sensor, Gyro Sensor, Geomagnetic Sensor, Hall Sensor, Light Sensor, RGB Light Sensor, Proximity Sensor",178 g
262,1418,Yes,5000.0,Hybrid Slot,1.3 GHz,Yes,Mali - T720 MP1,1418,16 GB,,"Micromax Bharat 5 (Jet Black, 16 GB)  (1 GB RAM)",Android Nougat 7,,5MP,1280 x 720 Pixels,Micro SIM and Nano SIM,5MP,Gravity Sensors,170 g
263,1445,Yes,3300.0,Dedicated Slot,1.6 GHz,Yes,ARM Mali T830 MP1,1445,16 GB,,"Samsung Galaxy On Nxt (Black, 16 GB)  (3 GB RAM)",Android Marshmallow 6,,13MP,1920 x 1080 pixels,Nano SIM,8MP,"Accelerometer, Proximity Sensor, Fingerprint Sensor",167 g
264,1446,Yes,3600.0,Dedicated Slot,1.6 GHz,Yes,,1446,64 GB,Yes,"Samsung Galaxy J7 Pro (Gold, 64 GB)  (3 GB RAM)",Android Nougat 7.0,,13MP,1920 x 1080 Pixels,Nano SIM (4FF),13MP,"Accelerometer, Fingerprint Sensor, Gyro Sensor, Geomagnetic Sensor, Hall Sensor, Light Sensor, RGB Light Sensor, Proximity Sensor",178 g
265,1447,Yes,3600.0,Dedicated Slot,1.6 GHz,Yes,,1447,64 GB,Yes,"Samsung Galaxy J7 Pro (Gold, 64 GB)  (3 GB RAM)",Android Nougat 7.0,,13MP,1920 x 1080 Pixels,Nano SIM (4FF),13MP,"Accelerometer, Fingerprint Sensor, Gyro Sensor, Geomagnetic Sensor, Hall Sensor, Light Sensor, RGB Light Sensor, Proximity Sensor",178 g
266,1451,Yes,3000.0,Dedicated Slot,1.6 GHz,Yes,,1451,16 GB,,"Samsung Galaxy J7 Nxt (Gold, 16 GB)  (2 GB RAM)",Android Nougat 7.0,,13MP,1280 x 720 Pixels,Micro SIM (3FF),5MP,"Accelerometer, Proximity Sensor",170 g
267,1452,Yes,3600.0,Dedicated Slot,1.6 GHz,Yes,,1452,64 GB,Yes,"Samsung Galaxy J7 Pro (Gold, 64 GB)  (3 GB RAM)",Android Nougat 7.0,,13MP,1920 x 1080 Pixels,Nano SIM (4FF),13MP,"Accelerometer, Fingerprint Sensor, Gyro Sensor, Geomagnetic Sensor, Hall Sensor, Light Sensor, RGB Light Sensor, Proximity Sensor",178 g
268,1456,Yes,3600.0,Dedicated Slot,1.6 GHz,Yes,,1456,64 GB,Yes,"Samsung Galaxy J7 Pro (Gold, 64 GB)  (3 GB RAM)",Android Nougat 7.0,,13MP,1920 x 1080 Pixels,Nano SIM (4FF),13MP,"Accelerometer, Fingerprint Sensor, Gyro Sensor, Geomagnetic Sensor, Hall Sensor, Light Sensor, RGB Light Sensor, Proximity Sensor",178 g
269,1457,Yes,3600.0,Dedicated Slot,1.6 GHz,Yes,,1457,64 GB,Yes,"Samsung Galaxy J7 Pro (Gold, 64 GB)  (3 GB RAM)",Android Nougat 7.0,,13MP,1920 x 1080 Pixels,Nano SIM (4FF),13MP,"Accelerometer, Fingerprint Sensor, Gyro Sensor, Geomagnetic Sensor, Hall Sensor, Light Sensor, RGB Light Sensor, Proximity Sensor",178 g
270,1464,Yes,2600.0,Dedicated Slot,1.5 GHz,Yes,,1464,16 GB,Yes,"Samsung Galaxy J3 Pro (Black, 16 GB)  (2 GB RAM)",Android Lollipop 5.1,,8MP,1280 x 720 Pixels,Micro SIM (3FF),5MP,"Accelerometer, Proximity Sensor",138 g
271,1470,Yes,3600.0,Dedicated Slot,1.6 GHz,Yes,,1470,64 GB,Yes,"Samsung Galaxy J7 Pro (Gold, 64 GB)  (3 GB RAM)",Android Nougat 7.0,,13MP,1920 x 1080 Pixels,Nano SIM (4FF),13MP,"Accelerometer, Fingerprint Sensor, Gyro Sensor, Geomagnetic Sensor, Hall Sensor, Light Sensor, RGB Light Sensor, Proximity Sensor",178 g
272,1471,Yes,3600.0,Dedicated Slot,1.6 GHz,Yes,,1471,64 GB,Yes,"Samsung Galaxy J7 Pro (Gold, 64 GB)  (3 GB RAM)",Android Nougat 7.0,,13MP,1920 x 1080 Pixels,Nano SIM (4FF),13MP,"Accelerometer, Fingerprint Sensor, Gyro Sensor, Geomagnetic Sensor, Hall Sensor, Light Sensor, RGB Light Sensor, Proximity Sensor",178 g
273,1473,Yes,2800.0,Dedicated Slot,1.5 GHz,,,1473,16 GB,,"HTC Desire 828 Dual Sim (Pearl White, 16 GB)  (2 GB RAM)",Android Lollipop 5.1,,13MP,1080 x 1920 Pixels,Nano SIM,,,148 g
274,1476,Yes,3600.0,Dedicated Slot,1.6 GHz,Yes,,1476,64 GB,Yes,"Samsung Galaxy J7 Pro (Gold, 64 GB)  (3 GB RAM)",Android Nougat 7.0,,13MP,1920 x 1080 Pixels,Nano SIM (4FF),13MP,"Accelerometer, Fingerprint Sensor, Gyro Sensor, Geomagnetic Sensor, Hall Sensor, Light Sensor, RGB Light Sensor, Proximity Sensor",178 g
275,1485,Yes,3600.0,Dedicated Slot,1.6 GHz,Yes,,1485,64 GB,Yes,"Samsung Galaxy J7 Pro (Gold, 64 GB)  (3 GB RAM)",Android Nougat 7.0,,13MP,1920 x 1080 Pixels,Nano SIM (4FF),13MP,"Accelerometer, Fingerprint Sensor, Gyro Sensor, Geomagnetic Sensor, Hall Sensor, Light Sensor, RGB Light Sensor, Proximity Sensor",178 g
276,1493,Yes,2500.0,Dedicated Slot,1.4 GHz,Yes,,1493,8 GB,,"Micromax Canvas Xpress 2 (Black & Champagne, 8 GB)  (1 GB RAM)",Android Lollipop 5.0.1,,13MP,1280 x 720 Pixels,,2MP,"Light Sensor, Gravity Sensor, Proximity Sensor, Accelerometer",
277,1496,Yes,3600.0,Dedicated Slot,1.6 GHz,Yes,,1496,64 GB,Yes,"Samsung Galaxy J7 Pro (Gold, 64 GB)  (3 GB RAM)",Android Nougat 7.0,,13MP,1920 x 1080 Pixels,Nano SIM (4FF),13MP,"Accelerometer, Fingerprint Sensor, Gyro Sensor, Geomagnetic Sensor, Hall Sensor, Light Sensor, RGB Light Sensor, Proximity Sensor",178 g
278,1521,Yes,3600.0,Dedicated Slot,1.6 GHz,Yes,,1521,64 GB,Yes,"Samsung Galaxy J7 Pro (Gold, 64 GB)  (3 GB RAM)",Android Nougat 7.0,,13MP,1920 x 1080 Pixels,Nano SIM (4FF),13MP,"Accelerometer, Fingerprint Sensor, Gyro Sensor, Geomagnetic Sensor, Hall Sensor, Light Sensor, RGB Light Sensor, Proximity Sensor",178 g
