,ID,3.5mm jack,Battery,Clock Speed,Card slot,GPS Support,GPU,Internal Storage,NFC,Name,OS,Price,Primary Camera,Resolution,SIM,Secondary Camera,Sensors,Weight,ID,3.5mm jack,Battery,GPS Support,GPU,Internal Storage,Card slot,NFC,Name,OS,Price,Primary Camera,Clock Speed,SIM,Secondary Camera,Sensors,Weight,Resolution
0,93.0,Yes,3000.0,Octa-core 2.0 GHz Cortex-A53,"microSD, up to 256 GB",Yes,Adreno 506,"64 GB, 4 GB RAM or 32 GB, 3 GB RAM",Yes,Motorola Moto G5S Plus,"Android 7.1 (Nougat), planned upgrade to Android 8.0 (Oreo)",About 210 EUR,"Dual: 13 MP, f/2.0, autofocus, dual-LED dual-tone flash, check quality","1080 x 1920 pixels, 16:9 ratio (~401 ppi density)","Single SIM (Nano-SIM) or Dual SIM (Nano-SIM, dual stand-by)","8 MP, f/2.0, LED flash","Fingerprint (front-mounted), accelerometer, gyro, proximity",168 g (5.93 oz),1,Yes,5000.0,Yes,,32 GB,Dedicated Slot,,Moto E4 Plus ,Android Nougat 7.1.1,"‚¹9,999",13MP,1.3 GHz,Nano SIM and Nano SIM,5MP,"Fingerprint, Accelerometer, Ambient Light, Proximity Sensor",198 g,1280 x 720 Pixels
1,104.0,Yes,2800.0,Octa-core 1.3 GHz Cortex-A53,"microSD, up to 256 GB (dedicated slot)",Yes,Mali-T720MP3,"16 GB, 2 GB RAM - Desire 72816 GB, 1.5 GB RAM - Desire 728G",,HTC Desire 728 dual sim,Android 5.1.1 (Lollipop),About 240 EUR,"13 MP (f/2.2, 28mm), autofocus, LED flash","720 x 1280 pixels, 16:9 ratio (~267 ppi density)","Dual SIM (Nano-SIM, dual stand-by)","5 MP (f/2.8, 34mm), 1080p@30fps","Accelerometer, proximity, compass",153 g (5.40 oz),21,Yes,3000.0,Yes,,16 GB,Dedicated Slot,,Samsung Galaxy J7 Nxt ,Android Nougat 7.0,"‚¹9,990",13MP,1.6 GHz,Micro SIM (3FF),5MP,"Accelerometer, Proximity Sensor",170 g,1280 x 720 Pixels
2,272.0,Yes,3600.0,Quad-core (2x2.15 GHz Kryo & 2x1.6 GHz Kryo),"microSD, up to 256 GB (dedicated slot)",Yes,Adreno 530,"32 GB, 4 GB RAM",Yes,Samsung Galaxy S7 edge ,Android 6.0 (Marshmallow),About 370 EUR,"12 MP (f/1.7, 26mm, 1/2.5"", 1.4 Ã‚Âµm, Dual Pixel PDAF), phase detection autofocus, OIS, LED flash","1440 x 2560 pixels, 16:9 ratio (~534 ppi density)",Nano-SIM,"5 MP (f/1.7, 22mm, 1/4.1"", 1.34 Ã‚Âµm), dual video call, Auto HDR","Fingerprint (front-mounted), accelerometer, gyro, proximity, compass, barometer, heart rate, SpO2",157 g (5.54 oz),22,Yes,2500.0,Yes,Mali - T720 MP1,16 GB,Dedicated Slot,,Micromax Bharat 4 ,Android Nougat 7,"‚¹4,999",5MP,1.3 GHz,Micro SIM and Micro SIM,5MP,"Gravity Sensors, Proximity Sensor (By SW)",150 g,1280 x 720 Pixels
3,296.0,Yes,5000.0,Quad-core 1.3 GHz Cortex-A53,"microSD, up to 64 GB (uses SIM 2 slot)",Yes,Mali-T720,"16 GB, 1 GB RAM",,Micromax Bharat 5,Android 7.0 (Nougat),About 5700 INR,"5 MP, LED flash","720 x 1280 pixels, 16:9 ratio (~282 ppi density)","Hybrid Dual SIM (Micro-SIM/Nano-SIM, dual stand-by)","5 MP, LED flash",Accelerometer,170 g (6.00 oz),53,Yes,3000.0,Yes,,16 GB,Dedicated Slot,,Samsung Galaxy J7 Nxt ,Android Nougat 7,"‚¹9,990",13MP,1.6 GHz,Micro SIM (3FF),5MP,"Accelerometer, Proximity Sensor",170 g,1280 x 720 Pixels
4,392.0,Yes,2000.0,Quad-core 1.3 GHz Cortex-A7,"microSD, up to 256 GB (dedicated slot)",Yes,Mali-T720,"8 GB, 1 GB RAM",No,Samsung Galaxy J2 ,Android 7.0 (Nougat),About 120 EUR,"5 MP, f/2.2, autofocus, LED flash","540 x 960 pixels, 16:9 ratio (~234 ppi density)","Dual SIM (Micro-SIM, dual stand-by)","2 MP, f/2.2","Accelerometer, proximity",130 g (4.59 oz),60,,4000.0,,,8 GB,,,Micromax JUICE 3 ,Android Lollipop V5.1,"‚¹7,999",8MP,1.3 GHz,,,,,1280 x 720 Pixels
5,462.0,Yes,2000.0,Quad-core 1.3 GHz Cortex-A7,"microSD, up to 32 GB",Yes,Mali-400MP2,"8 GB, 2 GB RAM",,Micromax Canvas Amaze Q395,Android 5.0 (Lollipop),,"13 MP, autofocus, LED flash","720 x 1280 pixels, 16:9 ratio (~294 ppi density)","Dual SIM (Micro-SIM, dual stand-by)",5 MP,"Accelerometer, gyro, proximity, compass",-,77,,2000.0,,,8 GB,,,Micromax Canvas Amaze ,Android Lollipop 5.1,"‚¹6,990",13MP,1.3 GHz,,,,,1280 x 720 Pixels
6,492.0,No,3000.0,Quad-core (2x2.15 GHz Kryo & 2x1.6 GHz Kryo),"microSD, up to 256 GB (uses SIM 2 slot)",Yes,Adreno 530,"64/128 GB, 4 GB RAM",Yes,HTC U Ultra,"Android 7.0 (Nougat), upgradable to Android 8.0 (Oreo)",About 310 EUR,"12 MP (f/1.8, 26mm, 1/2.3"", 1.55 Ã‚Âµm), OIS, phase detection & laser autofocus, dual-LED dual-tone flash, check quality","1440 x 2560 pixels, 16:9 ratio (~513 ppi density)","Hybrid Dual SIM (Nano-SIM, dual stand-by)","16 MP, 1080p, Auto-HDR","Fingerprint (front-mounted), accelerometer, gyro, proximity, compass",170 g (6.00 oz),80,Yes,2600.0,Yes,ARM Mali-T720 MP1,8 GB,Dedicated Slot,,Samsung Galaxy On5 ,Android Marshmallow 6.0.1,"‚¹6,990",8MP,1.3 GHz,Micro SIM,5MP,"Accelerometer, Proximity Sensor",149 g,1280 x 720 Pixels
7,529.0,Yes,5000.0,Quad-core 1.3 GHz Cortex-A53,"microSD, up to 64 GB (uses SIM 2 slot)",Yes,Mali-T720,"16 GB, 2 GB RAM",,Micromax Bharat 5 Plus,Android 7.0 (Nougat),About 7200 INR,"8 MP, LED flash","720 x 1280 pixels, 16:9 ratio (~282 ppi density)","Hybrid Dual SIM (Micro-SIM/Nano-SIM, dual stand-by)","5 MP, LED flash",Accelerometer,170 g (6.00 oz),81,Yes,3600.0,,,32 GB,,Yes,Samsung Galaxy S7 Edge ,Android Marshmallow 6,"‚¹35,900",12MP,2.3 GHz,Nano SIM,5MP,"Accelerometer, Barometer, Fingerprint Sensor, Gyro Sensor, Geo-magnetic Sensor, Hall Sensor, HR Sensor, Proximity Sensor, RGB Light Sensor",157 g,2560 X 1440 Pixels
8,532.0,Yes,3600.0,"Quad-core (2x2.15 GHz Kryo & 2x1.6 GHz Kryo) - G9350Octa-core (4x2.3 GHz Mongoose & 4x1.6 GHz Cortex-A53) - G935FD, G935F, G935W8","microSD, up to 256 GB (uses SIM 2 slot) - dual SIM model only",Yes,"Adreno 530 - G9350Mali-T880 MP12 - G935FD, G935F, G935W8","32/64/128 GB, 4 GB RAM",Yes,Samsung Galaxy S7 edge,"Android 6.0 (Marshmallow), upgradable to 7.0 (Nougat)",About 450 EUR,"12 MP (f/1.7, 26mm, 1/2.5"", 1.4 Ã‚Âµm, Dual Pixel PDAF), phase detection autofocus, OIS, LED flash, check quality","1440 x 2560 pixels, 16:9 ratio (~534 ppi density)","Single SIM (Nano-SIM) - G935F, G935W8Hybrid Dual SIM (Nano-SIM, dual stand-by) - G935FD","5 MP (f/1.7, 22mm, 1/4.1"", 1.34 Ã‚Âµm), dual video call, Auto HDR","Fingerprint (front-mounted), accelerometer, gyro, proximity, compass, barometer, heart rate, SpO2",157 g (5.54 oz),123,,1300.0,,,4 GB,Dedicated Slot,,Micromax Bharat 2 ,Android Marshmallow 6,"‚¹3,099",2MP,1.3 GHz,,0.3MP,,,480 x 800 Pixels
9,602.0,Yes,1800.0,Quad-core 1.1 GHz,"microSD, up to 32 GB",Yes,,"8 GB, 1 GB RAM",,Micromax Spark Vdeo Q415,Android 6.0 (Marshmallow),About 60 EUR,"5 MP, LED flash","480 x 854 pixels, 16:9 ratio (~218 ppi density)","Dual SIM (Micro-SIM, dual stand-by)",2 MP,Accelerometer,140 g (4.94 oz),125,Yes,3000.0,Yes,,32 GB,Dedicated Slot,,Samsung Galaxy J7 Nxt ,Android Nougat 7,"‚¹11,900",13MP,1.6 GHz,Micro SIM (3FF),5MP,"Accelerometer, Proximity Sensor",170 g,1280 x 720 Pixels
10,705.0,Yes,2800.0,Octa-core 1.5 GHz Cortex-A53,"microSD, up to 256 GB (dedicated slot)",Yes,Mali-T720MP3,"16 GB, 2 GB RAM",,HTC Desire 828 dual sim,Android 5.1 (Lollipop),About 250 EUR,"13 MP, f/2.2, autofocus, OIS, LED flash","1080 x 1920 pixels, 16:9 ratio (~401 ppi density)","Dual SIM (Nano-SIM, dual stand-by)","4 MP (f/2.0, 27mm, 1/3"", 2 Ã‚Âµm), 1080p@30fps, HDR","Accelerometer, proximity, compass",-,133,,3000.0,,650 MHz Adreno 506,64 GB,Hybrid Slot,,Moto G5s Plus ,Android Nougat 7.1,"‚¹14,380",13MP + 13MP,2 GHz,Dual Nano SIM,8MP,"Fingerprint Reader, Accelerometer, Gyroscope, Ambient Light, Proximity",,1920 x 1080 Pixels
11,865.0,Yes,2500.0,Quad-core 1.3 GHz Cortex-A7,"microSD, up to 32 GB",Yes,Mali-400MP2,"8 GB, 1 GB RAM",,Micromax Canvas Selfie 4,Android 6.0 (Marshmallow),,"8 MP, autofocus, LED flash","720 x 1280 pixels, 16:9 ratio (~294 ppi density)","Dual SIM (Micro-SIM, dual stand-by)","8 MP, LED flash","Accelerometer, proximity",-,134,Yes,3300.0,Yes,,64 GB,Hybrid Slot,,Samsung Galaxy C7 Pro ,Android Marshmallow 6.0,"‚¹24,900",16MP,2.2 GHz,,16MP,,,1920 x 1080 Pixels
12,915.0,Yes,2000.0,Quad-core 1.3 GHz Cortex-A7,"microSD, up to 32 GB",Yes,,"8 GB, 1 GB RAM",,Micromax Bolt Q381,Android 5.1 (Lollipop),,5 MP,"480 x 854 pixels, 16:9 ratio (~196 ppi density)","Dual SIM (Micro-SIM/ Mini-SIM, dual stand-by)",VGA,Accelerometer,-,147,Yes,3000.0,Yes,,32 GB,Dedicated Slot,,Samsung Galaxy J7 Nxt ,Android Nougat 7,"‚¹11,900",13MP,1.6 GHz,Micro SIM (3FF),5MP,"Accelerometer, Proximity Sensor",170 g,1280 x 720 Pixels
13,920.0,Yes,1300.0,Quad-core 1.3 GHz,"microSD, up to 32 GB",Yes,,"4 GB, 512 MB RAM",,Micromax Bharat 2 Ultra,Android 6.0 (Marshmallow),About 2900 INR,"2 MP, LED flash","480 x 800 pixels, 5:3 ratio (~233 ppi density)","Dual SIM (Micro-SIM, dual stand-by)",VGA,Accelerometer,120 g (4.23 oz),162,Yes,3000.0,,ARM Heimdall MP18,64 GB,Hybrid Slot,Yes,Samsung Galaxy S9 ,Android Oreo 8,"‚¹57,900",12MP,2.7 GHz,Nano SIM,8MP,,163 g,2960 x 1440 Pixels
14,1084.0,Yes,3000.0,Octa-core 1.6 GHz Cortex-A53,"microSD, up to 256 GB (dedicated slot)",Yes,Mali-T830 MP1,"16 GB, 2 GB RAM",,Samsung Galaxy J7 Nxt,Android 7.0 (Nougat),About 180 EUR,"13 MP (f/1.9, 28mm), autofocus, LED flash","720 x 1280 pixels, 16:9 ratio (~267 ppi density)","Dual SIM (Micro-SIM, dual stand-by)","5 MP (f/2.2, 23mm), LED flash","Accelerometer, proximity",170 g (6.00 oz),165,Yes,3500.0,,ARM Heimdall MP18,64 GB,Hybrid Slot,Yes,Samsung Galaxy S9 Plus ,Android Oreo 8,"‚¹64,900",12MP + 12MP,2.7 GHz,Nano SIM,8MP,,189 g,2960 x 1440 Pixels
15,1106.0,Yes,2000.0,Quad-core 1.3 GHz Cortex-A53,"microSD, up to 32 GB",Yes,Mali-T720,"8 GB, 1 GB RAM",,Micromax Bharat 3 Q437,Android 7.0 (Nougat),About 4500 INR,"5 MP, LED flash","480 x 854 pixels, 16:9 ratio (~218 ppi density)","Dual SIM (Micro-SIM, dual stand-by)","2 MP, LED flash",Accelerometer,130 g (4.59 oz),171,Yes,4000.0,Yes,A304 at 400 MHz,8 GB,Dedicated Slot,,Micromax Vdeo 4 ,Android Marshmallow 6,"‚¹6,248",8MP,1.1 GHz,Micro SIM and Micro SIM,2MP,"Gravity Sensors, Proximity Sensor, Light Sensor, Accelerometer",,1280 x 720 pixels
16,1136.0,Yes,3600.0,Octa-core 1.6 GHz Cortex-A53,"microSD, up to 256 GB (dedicated slot)",Yes,Mali-T830 MP1,"32/64 GB, 3 GB RAM",Yes,Samsung Galaxy J7 Pro,Android 7.0 (Nougat),About 260 EUR,"13 MP, f/1.7, autofocus, LED flash, check quality","1080 x 1920 pixels, 16:9 ratio (~401 ppi density)","Single SIM (Nano-SIM) or Dual SIM (Nano-SIM, dual stand-by)","13 MP, f/1.9, LED flash, 1080p","Fingerprint (front-mounted), accelerometer, gyro, proximity, compass",181 g (6.38 oz),179,,2200.0,Yes,,32 GB,Dedicated Slot,,HTC Desire 628 ,Android Lollipop 5.1,"‚¹9,000",13MP,1.3 GHz,Nano-SIM,5MP,,142 g,1280 x 720 Pixels
17,1184.0,Yes,2600.0,Quad-core 1.2 GHz Cortex-A53,"microSD, up to 256 GB (dedicated slot)",Yes,Adreno 306,"16 GB, 2 GB RAM",Yes,Samsung Galaxy J3 Pro,Android 5.1 (Lollipop),About 130 EUR,"8 MP, f/2.2, autofocus, LED flash","720 x 1280 pixels, 16:9 ratio (~294 ppi density)","Dual SIM (Micro-SIM, dual stand-by)","5 MP, f/2.2","Accelerometer, proximity",139 g (4.90 oz),184,Yes,3000.0,Yes,,32 GB,Dedicated Slot,,Samsung Galaxy J7 Nxt ,Android Nougat 7,"‚¹11,900",13MP,1.6 GHz,Micro SIM (3FF),5MP,"Accelerometer, Proximity Sensor",170 g,1280 x 720 Pixels
18,1289.0,Yes,3600.0,Octa-core 1.6 GHz Cortex-A53,"microSD, up to 256 GB (dedicated slot)",Yes,Mali-T830 MP1,"16 GB, 3 GB RAM",Yes,Samsung Galaxy J7 ,Android 7.0 (Nougat),About 230 EUR,"13 MP, f/1.7, autofocus, LED flash, check quality","1080 x 1920 pixels, 16:9 ratio (~401 ppi density)","Dual SIM (Nano-SIM, dual stand-by)","13 MP, f/1.9, LED flash, 1080p","Fingerprint (front-mounted), accelerometer, gyro, proximity, compass",181 g (6.38 oz),205,Yes,1300.0,Yes,Mali-400 512 MHz,4 GB,Dedicated Slot,,Micromax Bharat 2 Ultra ,Android Marshmallow 6.0,"‚¹2,890",2MP,1.5 GHz,Micro SIM and Normal SIM,0.3MP,Gravity Sensors,120 g,480 x 800 Pixels
19,1326.0,Yes,2500.0,Quad-core 1.3 GHz Cortex-A53,"microSD, up to 32 GB",Yes,Mali-T720,"16 GB, 3 GB RAM",,Micromax Bharat 4 Q440,Android 7.0 (Nougat),About 5000 INR,"5 MP, LED flash","720 x 1280 pixels, 16:9 ratio (~294 ppi density)","Dual SIM (Micro-SIM, dual stand-by)","5 MP, LED flash",Accelerometer,150 g (5.29 oz),231,Yes,4000.0,Yes,Qualcomm Adreno 510,64 GB,Dedicated Slot,,Samsung Galaxy C9 Pro ,Android Marshmallow 6,"‚¹29,900",16MP,1.95 GHz,Nano SIM (4FF),16MP,"Accelerometer, Fingerprint Sensor, Gyro Sensor, Geomagnetic Sensor, Proximity Sensor, RGB Light Sensor",189 g,1920 x 1080 pixels
20,1392.0,Yes,3500.0,Octa-core (4x2.7 GHz Mongoose M3 & 4x1.8 GHz Cortex-A55) - EMEAOcta-core (4x2.7 GHz Kryo 385 Gold & 4x1.7 GHz Kryo 385 Silver) - USA & China,"microSD, up to 400 GB (uses SIM 2 slot) - dual SIM model only",Yes,Mali-G72 MP18 - EMEAAdreno 630 - USA & China,"64/128/256 GB, 6 GB RAM",Yes,Samsung Galaxy S9+,Android 8.0 (Oreo),About 990 EUR,"Dual: 12 MP (f/1.5-2.4, 26mm, 1/2.55"", 1.4 Ã‚Âµm, Dual Pixel PDAF) + 12MP (f/2.4, 52mm, 1/3.6"", 1 Ã‚Âµm, AF), OIS, phase detection autofocus, 2x optical zoom, LED flash, check quality","1440 x 2960 pixels, 18.5:9 ratio (~529 ppi density)","Single SIM (Nano-SIM) or Hybrid Dual SIM (Nano-SIM, dual stand-by)","8 MP (f/1.7, 25mm, 1/3.6"", 1.22 Ã‚Âµm), autofocus, 1440p@30fps, dual video call, Auto HDR","Iris scanner, fingerprint (rear-mounted), accelerometer, gyro, proximity, compass, barometer, heart rate, SpO2",189 g (6.67 oz),235,Yes,4000.0,Yes,A304 at 400 MHz,8 GB,Dedicated Slot,,Micromax Vdeo 4 ,Android Marshmallow 6,"‚¹6,248",8MP,1.1 GHz,Micro SIM and Micro SIM,2MP,"Gravity Sensors, Proximity Sensor, Light Sensor, Accelerometer",,1280 x 720 pixels
21,1474.0,Yes,4000.0,Quad-core 1.3 GHz Cortex-A7,"microSD, up to 32 GB",Yes,Mali-400MP2,"8 GB, 2 GB RAM",,Micromax Canvas Juice 3 Q392,Android 5.1 (Lollipop),,"8 MP, autofocus, LED flash","720 x 1280 pixels, 16:9 ratio (~294 ppi density)",Dual SIM,2 MP,"Accelerometer, proximity",150 g (5.29 oz),238,Yes,3000.0,Yes,,16 GB,Dedicated Slot,,Samsung Galaxy J7 Nxt ,Android Nougat 7.0,"‚¹9,990",13MP,1.6 GHz,Micro SIM (3FF),5MP,"Accelerometer, Proximity Sensor",170 g,1280 x 720 Pixels
22,1561.0,Yes,2000.0,Quad-core 1.3 GHz Cortex-A7,"microSD, up to 64 GB",Yes,Mali-400MP2,"8 GB, 1 GB RAM",,Micromax Bolt supreme 4 Q352,Android 6.0 (Marshmallow),,"8 MP, autofocus, LED flash","720 x 1280 pixels, 16:9 ratio (~294 ppi density)","Dual SIM (Mini-SIM/ Micro-SIM, dual stand-by)",5 MP,Accelerometer,-,239,,3000.0,,650 MHz Adreno 506,64 GB,Hybrid Slot,,Moto G5s Plus ,Android Nougat 7.1,"‚¹14,439",13MP + 13MP,2 GHz,Dual Nano SIM,8MP,"Fingerprint Reader, Accelerometer, Gyroscope, Ambient Light, Proximity",,1920 x 1080 Pixels
23,1625.0,Yes,3000.0,Octa-core (4x2.7 GHz Mongoose M3 & 4x1.8 GHz Cortex-A55) - EMEAOcta-core (4x2.7 GHz Kryo 385 Gold & 4x1.7 GHz Kryo 385 Silver) - USA & China,"microSD, up to 400 GB (uses SIM 2 slot) - dual SIM model only",Yes,Mali-G72 MP18 - EMEAAdreno 630 - USA & China,"64/128/256 GB, 4 GB RAM",Yes,Samsung Galaxy S9,Android 8.0 (Oreo),About 840 EUR,"12 MP (f/1.5-2.4, 26mm, 1/2.5"", 1.4 Ã‚Âµm, Dual Pixel PDAF), phase detection autofocus, OIS, LED flash, check quality","1440 x 2960 pixels, 18.5:9 ratio (~570 ppi density)","Single SIM (Nano-SIM) or Hybrid Dual SIM (Nano-SIM, dual stand-by)","8 MP (f/1.7, 25mm, 1/3.6"", 1.22 Ã‚Âµm), autofocus, 1440p@30fps, dual video call, Auto HDR","Iris scanner, fingerprint (rear-mounted), accelerometer, gyro, proximity, compass, barometer, heart rate, SpO2",163 g (5.75 oz),243,Yes,3600.0,Yes,,64 GB,Dedicated Slot,Yes,Samsung Galaxy J7 Pro ,Android Nougat 7.0,"‚¹18,900",13MP,1.6 GHz,Nano SIM (4FF),13MP,"Accelerometer, Fingerprint Sensor, Gyro Sensor, Geomagnetic Sensor, Hall Sensor, Light Sensor, RGB Light Sensor, Proximity Sensor",178 g,1920 x 1080 Pixels
24,1782.0,Yes,2500.0,Quad-core 1.4 GHz Cortex-A53,"microSD, up to 32 GB",Yes,Mali-T720MP2,"8 GB, 1 GB RAM",,Micromax Canvas Unite 4,Android 6.0 (Marshmallow),,"8 MP, autofocus, LED flash","720 x 1280 pixels, 16:9 ratio (~294 ppi density)","Dual SIM (Micro-SIM, dual stand-by)","5 MP, LED flash","Fingerprint (front-mounted), accelerometer, proximity",-,292,Yes,3000.0,,ARM Heimdall MP18,64 GB,Hybrid Slot,Yes,Samsung Galaxy S9 ,Android Oreo 8,"‚¹57,900",12MP,2.7 GHz,Nano SIM,8MP,,163 g,2960 x 1440 Pixels
25,1926.0,Yes,5000.0,Quad-core 1.4 GHz Cortex-A53,"microSD, up to 128 GB",Yes,Adreno 308,"16/32 GB, 2 GB RAM",,Motorola Moto E4 Plus ,Android 7.1 (Nougat),About 180 USD,"13 MP (f/2.0, 1.12 Ã‚Âµm), autofocus, LED flash","720 x 1280 pixels, 16:9 ratio (~267 ppi density)",Nano-SIM,"5 MP (f/2.2, 1.4 Ã‚Âµm), LED flash","Fingerprint (front-mounted), accelerometer, proximity, compass",181 g (6.38 oz),305,Yes,2600.0,,,16 GB,Dedicated Slot,,Samsung Galaxy J2 Pro ,Android Marshmallow 6.0.1,"‚¹7,690",8MP,1.5 GHz,Micro SIM,5MP,"Accelerometer Sensor, Proximity Sensor",,1280 x 720 Pixels
26,1932.0,Yes,2000.0,Quad-core 1.3 GHz Cortex-A7,"microSD, up to 256 GB (dedicated slot)",Yes,Mali-T720,"8 GB, 1 GB RAM",Yes,Samsung Galaxy J2,Android 5.1.1 (Lollipop),About 150 EUR,"5 MP, f/2.2, autofocus, LED flash, check quality","540 x 960 pixels, 16:9 ratio (~234 ppi density)","Single SIM (Micro-SIM) or Dual SIM (Micro-SIM, dual stand-by)","2 MP, f/2.2","Accelerometer, proximity",129 g (4.55 oz),343,Yes,2600.0,Yes,,16 GB,Dedicated Slot,Yes,Samsung Galaxy J3 Pro ,Android Lollipop 5.1,"‚¹7,990",8MP,1.5 GHz,Micro SIM (3FF),5MP,"Accelerometer, Proximity Sensor",138 g,1280 x 720 Pixels
27,2038.0,Yes,2000.0,Quad-core 1.3 GHz Cortex-A53,"microSD, up to 32 GB",Yes,Mali-T720MP2,"16 GB, 2 GB RAM",,Micromax Canvas 5 Lite Q462,Android 5.1 (Lollipop),,"8 MP, autofocus, LED flash","720 x 1280 pixels, 16:9 ratio (~294 ppi density)",Dual SIM,5 MP,"Accelerometer, proximity",151 g (5.33 oz),345,Yes,3000.0,Yes,,32 GB,Dedicated Slot,,Samsung Galaxy J7 Nxt ,Android Nougat 7,"‚¹11,900",13MP,1.6 GHz,Micro SIM (3FF),5MP,"Accelerometer, Proximity Sensor",170 g,1280 x 720 Pixels
28,2044.0,Yes,2600.0,Quad-core 1.5 GHz Cortex-A7Quad-core 1.3 GHz Cortex-A7 - USA,"microSD, up to 256 GB (dedicated slot)",Yes,Mali-400Mali-T720 - USA,"8/16 GB, 1.5/2 GB RAM",Yes,Samsung Galaxy J3 ,"Android 5.1.1 (Lollipop) or Android 6.0 (Marshmallow), upgradable to 7.1.1 (Nougat)",About 120 EUR,"8 MP, f/2.2, autofocus, LED flash5 MP, f/2.2, autofocus, LED flash - USA, check quality","720 x 1280 pixels, 16:9 ratio (~294 ppi density)","Single SIM (Micro-SIM) or Dual SIM (Micro-SIM, dual stand-by)Nano-SIM (USA models only)","5 MP, f/2.2, 720p@30fps2 MP - USA","Accelerometer, proximity",138 g (4.87 oz),349,Yes,3300.0,Yes,ARM Mali T830 MP1,32 GB,Dedicated Slot,Yes,Samsung Galaxy J7 Prime ,Android Marshmallow 6,"‚¹13,900",13MP,1.6 GHz,Micro SIM,8MP,"Accelerometer, Light Sensor, Proximity Sensor",,1920 x 1080 Pixels
29,2072.0,Yes,2200.0,Octa-core 1.3 GHz Cortex-A53,"microSD, up to 256 GB (dedicated slot)",Yes,Mali-T720MP3,"32 GB, 3 GB RAM",,HTC Desire 628,Android 5.1 (Lollipop),About 200 EUR,"13 MP (f/2.0, 28mm), autofocus, LED flash","720 x 1280 pixels, 16:9 ratio (~294 ppi density)","Dual SIM (Nano-SIM, dual stand-by)","5 MP (f/2.4, 28mm), 1080p","Accelerometer, proximity",142 g (5.01 oz),358,Yes,2500.0,Yes,Mali-T720 MP2 at 450 MHz,16 GB,Dedicated Slot,,Micromax Canvas Unite 4 Plus ,Android Marshmallow 6,"‚¹5,999",8MP,1 GHz,Micro SIM and Micro SIM,5MP,"Fingerprint Sensor, Gravity Sensors, Proximity Sensor, Light Sensor",,1280 x 720 pixels
30,2108.0,Yes,2600.0,Quad-core 1.3 GHz Cortex-A7,"microSD, up to 256 GB (dedicated slot)",Yes,Mali-T720,"8 GB, 1.5 GB RAM",,Samsung Galaxy On5,Android 5.1 (Lollipop)Android 6.0 (Marshmallow) - T-Mobile,About 140 EUR,"8 MP, f/2.2, autofocus, LED flash","720 x 1280 pixels, 16:9 ratio (~288 ppi density)","Dual SIM (Micro-SIM, dual stand-by)","5 MP, f/2.2","Accelerometer, proximity",149 g (5.26 oz),373,Yes,2500.0,Yes,Mali - T720 MP1,16 GB,Dedicated Slot,,Micromax Bharat 4 ,Android Nougat 7,"‚¹5,100",5MP,1.3 GHz,Micro SIM and Micro SIM,5MP,"Gravity Sensors, Proximity Sensor (By SW)",150 g,1280 x 720 Pixels
31,2124.0,Yes,5000.0,Quad-core 1.3 GHz Cortex-A53,"microSD, up to 128 GB (dedicated slot)",Yes,Mali-T720,"16/32 GB, 3 GB RAM",Yes,Motorola Moto E4 Plus,Android 7.1.1 (Nougat),About 140 EUR,"13 MP (f/2.0, 1.12 Ã‚Âµm), autofocus, LED flash","720 x 1280 pixels, 16:9 ratio (~267 ppi density)","Single SIM (Nano-SIM) or Dual SIM (Nano-SIM, dual stand-by)","5 MP (f/2.2, 1.4 Ã‚Âµm), LED flash","Fingerprint (front-mounted, region dependent), accelerometer, proximity",198 g (6.98 oz),374,Yes,4000.0,Yes,A304 at 400 MHz,8 GB,Dedicated Slot,,Micromax Vdeo 4 ,Android Marshmallow 6,"‚¹6,249",8MP,1.1 GHz,Micro SIM and Micro SIM,2MP,"Gravity Sensors, Proximity Sensor, Light Sensor, Accelerometer",,1280 x 720 pixels
32,2139.0,Yes,3300.0,Octa-core (4x2.35 GHz Cortex-A53 & 4x1.65 GHz Cortex-A53),"microSD, up to 256 GB (dedicated slot)",Yes,Mali-T880MP2,"32 GB, 4 GB RAM",,Samsung Galaxy J7 Max,Android 7.0 (Nougat),About 250 EUR,"13 MP, f/1.7, autofocus, LED flash","1080 x 1920 pixels, 16:9 ratio (~386 ppi density)","Dual SIM (Nano-SIM, dual stand-by)","13 MP, f/1.9, LED flash","Fingerprint (front-mounted), accelerometer, gyro, proximity, compass",179 g (6.31 oz),387,Yes,3300.0,Yes,ARM Mali T830 MP1,32 GB,Dedicated Slot,Yes,Samsung Galaxy J7 Prime ,Android Marshmallow 6,"‚¹13,900",13MP,1.6 GHz,Micro SIM,8MP,"Accelerometer, Light Sensor, Proximity Sensor",,1920 x 1080 Pixels
33,2241.0,Yes,1800.0,Quad-core 1.3 GHz,"microSD, up to 32 GB",Yes,,"8 GB, 1 GB RAM",,Micromax Vdeo 2,Android 6.0 (Marshmallow),About 70 EUR,"5 MP, LED flash","480 x 854 pixels, 16:9 ratio (~218 ppi density)",Dual SIM,2 MP,Accelerometer,156 g (5.50 oz),399,Yes,3000.0,,ARM Heimdall MP18,64 GB,Hybrid Slot,Yes,Samsung Galaxy S9 ,Android Oreo 8,"‚¹57,900",12MP,2.7 GHz,Nano SIM,8MP,,163 g,2960 x 1440 Pixels
34,2274.0,Yes,2500.0,Quad-core 1.0 GHz Cortex-A53,"microSD, up to 64 GB",Yes,Mali-T720MP2,"16 GB, 2 GB RAM",,Micromax Unite 4 plus,Android 6.0 (Marshmallow),,"8 MP, autofocus, LED flash","720 x 1280 pixels, 16:9 ratio (~294 ppi density)","Dual SIM (Micro-SIM, dual stand-by)","5 MP, LED flash","Fingerprint (front-mounted), accelerometer, proximity",-,447,Yes,3300.0,Yes,ARM Mali T830 MP1,32 GB,Dedicated Slot,Yes,Samsung Galaxy J7 Prime ,Android Marshmallow 6,"‚¹13,900",13MP,1.6 GHz,Micro SIM,8MP,"Accelerometer, Light Sensor, Proximity Sensor",,1920 x 1080 Pixels
35,2292.0,Yes,4000.0,Octa-core (4x1.95 GHz Cortex-A72 & 4x1.4 GHz Cortex-A53),"microSD, up to 256 GB (dedicated slot)",Yes,Adreno 510,"64 GB, 6 GB RAM",Yes,Samsung Galaxy C9 Pro,"Android 6.0.1 (Marshmallow), upgradable to 7.1.1 (Nougat)",About 430 EUR,"16 MP, f/1.9, phase detection autofocus, dual-LED dual-tone flash","1080 x 1920 pixels, 16:9 ratio (~367 ppi density)","Dual SIM (Nano-SIM, dual stand-by)","16 MP, f/1.9, 1080p","Fingerprint (front-mounted), accelerometer, proximity, compass",189 g (6.67 oz),450,Yes,3000.0,Yes,,16 GB,Dedicated Slot,,Samsung Galaxy J7 Nxt ,Android Nougat 7,"‚¹9,990",13MP,1.6 GHz,Micro SIM (3FF),5MP,"Accelerometer, Proximity Sensor",170 g,1280 x 720 Pixels
36,2390.0,Yes,3300.0,Octa-core 2.0 GHz Cortex-A53,"microSD, up to 256 GB (uses SIM 2 slot)",Yes,Adreno 506,"32/64 GB, 4 GB RAM",Yes,Samsung Galaxy C7,"Android 6.0.1 (Marshmallow), upgradable to 7.0 (Nougat)",About 250 EUR,"16 MP, f/1.9, autofocus, dual-LED dual-tone flash, check quality","1080 x 1920 pixels, 16:9 ratio (~386 ppi density)","Hybrid Dual SIM (Nano-SIM, dual stand-by)","8 MP, f/1.9","Fingerprint (front-mounted), accelerometer, proximity, compass",169 g (5.96 oz),454,Yes,3300.0,Yes,ARM Mali T830 MP1,32 GB,Dedicated Slot,Yes,Samsung Galaxy J7 Prime ,Android Marshmallow 6,"‚¹13,900",13MP,1.6 GHz,Micro SIM,8MP,"Accelerometer, Light Sensor, Proximity Sensor",,1920 x 1080 Pixels
37,2470.0,Yes,2600.0,Quad-core 1.5 GHz Cortex-A7,"microSD, up to 128 GB (dedicated slot)",Yes,Mali-400MP2,"8 GB, 1.5 GB RAM",,Samsung Galaxy J2 ,Android 6.0.1 (Marshmallow),About 150 EUR,"8 MP, f/2.2, autofocus, LED flash","720 x 1280 pixels, 16:9 ratio (~294 ppi density)","Dual SIM (Micro-SIM, dual stand-by)","5 MP, f/2.2","Accelerometer, proximity",138 g (4.87 oz),455,Yes,3300.0,Yes,ARM Mali T830 MP1,32 GB,Dedicated Slot,Yes,Samsung Galaxy J7 Prime ,Android Marshmallow 6,"‚¹13,900",13MP,1.6 GHz,Micro SIM,8MP,"Accelerometer, Light Sensor, Proximity Sensor",,1920 x 1080 Pixels
38,2534.0,No,2730.0,Octa-core (4x2.35 GHz Kryo & 4x1.9 GHz Kryo),"microSD, up to 256 GB (dedicated slot)",Yes,Adreno 540,"64/128 GB, 6 GB RAM or 64 GB, 4 GB RAM",Yes,Motorola Moto Z2 Force,"Android 7.1.1 (Nougat), planned upgrade to Android 8.0 (Oreo)",About 630 EUR,"Dual: 12 MP (f/2.0, 1/2.9"", 1.25 Ã‚Âµm), phase detection & laser autofocus, dual-LED dual-tone flash, check quality","1440 x 2560 pixels, 16:9 ratio (~534 ppi density)","Single SIM (Nano-SIM) or Dual SIM (Nano-SIM, dual stand-by)","5 MP, f/2.2, dual-LED dual-tone flash","Fingerprint (front-mounted), accelerometer, gyro, proximity, compass, barometer",143 g (5.04 oz),458,Yes,3300.0,Yes,ARM Mali T830 MP1,32 GB,Dedicated Slot,Yes,Samsung Galaxy J7 Prime ,Android Marshmallow 6,"‚¹13,900",13MP,1.6 GHz,Micro SIM,8MP,"Accelerometer, Light Sensor, Proximity Sensor",,1920 x 1080 Pixels
39,2594.0,Yes,3000.0,Octa-core (4x1.5 GHz Cortex-A53 & 4x1.2 GHz Cortex-A53),"microSD, up to 256 GB (dedicated slot) - single & dual SIM models",Yes,Adreno 405,"64 GB, 4 GB RAM or 32 GB, 3 GB RAM or 16 GB, 2 GB RAM",,Motorola Moto G4 Plus,"Android 6.0.1 (Marshmallow), upgradable to 7.0 (Nougat)",About 160 EUR,"16 MP, f/2.0, phase detection & laser autofocus, dual-LED dual-tone flash, check quality","1080 x 1920 pixels, 16:9 ratio (~401 ppi density)","Single SIM (Micro-SIM) or Dual SIM (Micro-SIM, dual stand-by)","5 MP, f/2.2, auto-HDR","Fingerprint (front-mounted), accelerometer, gyro, proximity",155 g (5.47 oz),465,Yes,3300.0,Yes,ARM Mali T830 MP1,32 GB,Dedicated Slot,Yes,Samsung Galaxy J7 Prime ,Android Marshmallow 6,"‚¹13,900",13MP,1.6 GHz,Micro SIM,8MP,"Accelerometer, Light Sensor, Proximity Sensor",,1920 x 1080 Pixels
40,2600.0,Yes,3000.0,Octa-core (4x1.8 GHz Cortex-A53 & 4x1.0 GHz Cortex-A53),"microSD, up to 256 GB (uses SIM 2 slot)",Yes,Mali-T860MP2,"64 GB, 4 GB RAM",Yes,HTC Desire 10 Pro,Android 6.0 (Marshmallow),About 350 EUR,"20 MP (f/2.2, 28mm), laser autofocus, dual-LED dual-tone flash","1080 x 1920 pixels, 16:9 ratio (~400 ppi density)","Hybrid Dual SIM (Nano-SIM, dual stand-by)","13 MP (f/2.2, 28mm), 1080p, Auto-HDR","Fingerprint (rear-mounted), accelerometer, gyro, proximity, compass",165 g (5.82 oz),468,Yes,3000.0,Yes,,32 GB,Dedicated Slot,,Samsung Galaxy J7 Nxt ,Android Nougat 7,"‚¹11,900",13MP,1.6 GHz,Micro SIM (3FF),5MP,"Accelerometer, Proximity Sensor",170 g,1280 x 720 Pixels
41,2666.0,Yes,1750.0,Quad-core 1.3 GHz,"microSD, up to 32 GB",Yes,,"4 GB, 512 MB RAM",,Micromax A093 Canvas Fire,Android 4.4.2 (KitKat),About 90 EUR,"5 MP, LED flash","480 x 800 pixels, 5:3 ratio (~233 ppi density)",Dual SIM (Mini-SIM/ Micro-SIM),VGA,"Accelerometer, proximity",-,486,Yes,2800.0,,,16 GB,,,HTC Desire 728G Dual Sim ,Android Lollipop 5.0.2,"‚¹8,499",13MP,1.3 GHz,Nano SIM,5MP,,153 g,1280 x 720 Pixels
42,2680.0,Yes,4000.0,Quad-core 1.3 GHz Cortex-A7,"microSD, up to 32 GB",Yes,Mali-400MP2,"16 GB, 2 GB RAM",,Micromax Canvas Juice 3+ Q394,Android 5.0 (Lollipop),,"8 MP, autofocus, LED flash","720 x 1280 pixels, 16:9 ratio (~267 ppi density)","Dual SIM (Micro-SIM, dual stand-by)",5 MP,"Accelerometer, gyro, proximity, compass",152 g (5.36 oz),497,Yes,3000.0,Yes,,32 GB,Dedicated Slot,,Samsung Galaxy J7 Nxt ,Android Nougat 7,"‚¹11,900",13MP,1.6 GHz,Micro SIM (3FF),5MP,"Accelerometer, Proximity Sensor",170 g,1280 x 720 Pixels
43,2695.0,Yes,4000.0,Octa-core 1.3 GHz Cortex-A53,"microSD, up to 32 GB (uses SIM 2 slot)",Yes,Mali-T720MP3,"32 GB, 3 GB RAM",,Micromax Canvas Evok Note E453,Android 6.0 (Marshmallow),About 140 EUR,"13 MP, autofocus, dual-LED dual-tone flash","1080 x 1920 pixels, 16:9 ratio (~401 ppi density)","Hybrid Dual SIM (Nano-SIM, dual stand-by)",5 MP,"Fingerprint (front-mounted), accelerometer, gyro, proximity, compass",162 g (5.71 oz),532,,2000.0,Yes,,8 GB,Dedicated Slot,,Micromax Bolt Supreme 4 ,Android Marshmallow 6,"‚¹4,799",8MP,1.3 GHz,,5MP,,,1280 x 720 Pixels
44,2710.0,Yes,2600.0,Quad-core 1.3 GHz Cortex-A7,"microSD, up to 256 GB (dedicated slot)",Yes,Mali-T720,"16 GB, 2 GB RAM",,Samsung Galaxy On5 Pro,Android 6.0 (Marshmallow),About 120 EUR,"8 MP, f/2.2, autofocus, LED flash","720 x 1280 pixels, 16:9 ratio (~294 ppi density)","Dual SIM (Micro-SIM, dual stand-by)","5 MP, f/2.2","Accelerometer, proximity",149 g (5.26 oz),550,Yes,3600.0,Yes,,64 GB,Dedicated Slot,Yes,Samsung Galaxy J7 Pro ,Android Nougat 7.0,"‚¹18,900",13MP,1.6 GHz,Nano SIM (4FF),13MP,"Accelerometer, Fingerprint Sensor, Gyro Sensor, Geomagnetic Sensor, Hall Sensor, Light Sensor, RGB Light Sensor, Proximity Sensor",178 g,1920 x 1080 Pixels
45,2831.0,Yes,3510.0,Octa-core 2.0 GHz Cortex-A53,"microSD, up to 256 GB (dedicated slot)",Yes,Adreno 506,"32 GB, 3 GB RAM",Yes,Motorola Moto Z Play,"Android 6.0.1 (Marshmallow), 7.1.1 (Nougat), planned upgrade to Android 8.0 (Oreo)",About 290 EUR,"16 MP (f/2.0, 1.3 Ã‚Âµm), phase detection and laser autofocus, dual-LED dual-tone flash, check quality","1080 x 1920 pixels, 16:9 ratio (~403 ppi density)","Single SIM (Nano-SIM) or Dual SIM (Nano-SIM, dual stand-by)","5 MP (f/2.2, 1.4 Ã‚Âµm), LED flash, 1080p","Fingerprint (front-mounted), accelerometer, gyro, proximity, compass",165 g (5.82 oz),552,Yes,3300.0,Yes,ARM Mali T830 MP1,32 GB,Dedicated Slot,Yes,Samsung Galaxy J7 Prime ,Android Marshmallow 6,"‚¹13,900",13MP,1.6 GHz,Micro SIM,8MP,"Accelerometer, Light Sensor, Proximity Sensor",,1920 x 1080 Pixels
46,2885.0,Yes,4000.0,Quad-core 1.1 GHz Cortex-A7,"microSD, up to 32 GB",Yes,Adreno 304,"8 GB, 1 GB RAM",,Micromax Vdeo 4,Android 6.0 (Marshmallow),About 90 EUR,"8 MP, LED flash","720 x 1280 pixels, 16:9 ratio (~294 ppi density)",Dual SIM (Micro-SIM),2 MP,"Accelerometer, proximity",-,556,Yes,3300.0,Yes,ARM Mali T830 MP1,32 GB,Dedicated Slot,Yes,Samsung Galaxy J7 Prime ,Android Marshmallow 6,"‚¹13,900",13MP,1.6 GHz,Micro SIM,8MP,"Accelerometer, Light Sensor, Proximity Sensor",,1920 x 1080 Pixels
47,3025.0,Yes,1300.0,Quad-core 1.1 GHz,"microSD, up to 32 GB",Yes,,"4 GB, 512 MB RAM",,Micromax Bharat 2 Q402,Android 6.0 (Marshmallow),About 50 EUR,"2 MP, LED flash","480 x 800 pixels, 5:3 ratio (~233 ppi density)","Dual SIM (Micro-SIM, dual stand-by)",VGA,Accelerometer,120 g (4.23 oz),560,Yes,3300.0,Yes,ARM Mali T830 MP1,32 GB,Dedicated Slot,Yes,Samsung Galaxy J7 Prime ,Android Marshmallow 6,"‚¹13,900",13MP,1.6 GHz,Micro SIM,8MP,"Accelerometer, Light Sensor, Proximity Sensor",,1920 x 1080 Pixels
48,3127.0,Yes,3300.0,Octa-core 2.2 GHz Cortex-A53,"microSD, up to 256 GB (uses SIM 2 slot)",Yes,Adreno 506,"64 GB, 4 GB RAM",Yes,Samsung Galaxy C7 Pro,"Android 6.0.1 (Marshmallow), upgradable to 7.0 (Nougat)",About 370 EUR,"16 MP, f/1.9, autofocus, dual-LED dual-tone flash","1080 x 1920 pixels, 16:9 ratio (~386 ppi density)","Hybrid Dual SIM (Nano-SIM, dual stand-by)","16 MP, f/1.9","Fingerprint (front-mounted), accelerometer, gyro, proximity, compass",172 g (6.07 oz),561,Yes,3300.0,Yes,ARM Mali T830 MP1,32 GB,Dedicated Slot,Yes,Samsung Galaxy J7 Prime ,Android Marshmallow 6,"‚¹13,900",13MP,1.6 GHz,Micro SIM,8MP,"Accelerometer, Light Sensor, Proximity Sensor",,1920 x 1080 Pixels
49,3175.0,Yes,2500.0,Octa-core 1.4 GHz Cortex-A7,"microSD, up to 32 GB",Yes,Mali-450MP4,"16 GB, 2 GB RAM",,Micromax Canvas Nitro 3 E352,Android 5.1 (Lollipop),About 120 EUR,"13 MP, autofocus, LED flash","720 x 1280 pixels, 16:9 ratio (~294 ppi density)",Dual SIM,5 MP,"Accelerometer, proximity",-,563,Yes,3000.0,Yes,,32 GB,Dedicated Slot,,Samsung Galaxy J7 Nxt ,Android Nougat 7,"‚¹11,900",13MP,1.6 GHz,Micro SIM (3FF),5MP,"Accelerometer, Proximity Sensor",170 g,1280 x 720 Pixels
50,3224.0,Yes,3300.0,Octa-core 1.6 GHz Cortex-A53,"microSD, up to 256 GB (dedicated slot)",Yes,Mali-T830 MP1,"16/32 GB, 3 GB RAM",,Samsung Galaxy J7 Prime,"Android 6.0.1 (Marshmallow), upgradable to 7.0 (Nougat)",About 210 EUR,"13 MP (f/1.9, 28mm), autofocus, LED flash","1080 x 1920 pixels, 16:9 ratio (~401 ppi density)","Single SIM (Nano-SIM) or Dual SIM (Nano-SIM, dual stand-by)","8 MP, f/1.9","Fingerprint (front-mounted), accelerometer, proximity",167 g (5.89 oz),570,Yes,3300.0,Yes,ARM Mali T830 MP1,32 GB,Dedicated Slot,Yes,Samsung Galaxy J7 Prime ,Android Marshmallow 6,"‚¹13,900",13MP,1.6 GHz,Micro SIM,8MP,"Accelerometer, Light Sensor, Proximity Sensor",,1920 x 1080 Pixels
51,3241.0,Yes,2600.0,Quad-core 1.5 GHz Cortex-A7,"microSD, up to 128 GB (dedicated slot)",Yes,Mali-400MP2,"16 GB, 2 GB RAM",,Samsung Galaxy J2 Pro ,Android 6.0.1 (Marshmallow),About 160 EUR,"8 MP, f/2.2, autofocus, LED flash","720 x 1280 pixels, 16:9 ratio (~294 ppi density)","Dual SIM (Micro-SIM, dual stand-by)","5 MP, f/2.2","Accelerometer, proximity",138 g (4.87 oz),571,Yes,3300.0,Yes,ARM Mali T830 MP1,32 GB,Dedicated Slot,Yes,Samsung Galaxy J7 Prime ,Android Marshmallow 6,"‚¹13,900",13MP,1.6 GHz,Micro SIM,8MP,"Accelerometer, Light Sensor, Proximity Sensor",,1920 x 1080 Pixels
52,,,,,,,,,,,,,,,,,,,573,Yes,3000.0,Yes,,16 GB,Dedicated Slot,,Samsung Galaxy J7 Nxt ,Android Nougat 7,"‚¹9,990",13MP,1.6 GHz,Micro SIM (3FF),5MP,"Accelerometer, Proximity Sensor",170 g,1280 x 720 Pixels
53,,,,,,,,,,,,,,,,,,,579,Yes,3300.0,Yes,ARM Mali T830 MP1,32 GB,Dedicated Slot,Yes,Samsung Galaxy J7 Prime ,Android Marshmallow 6,"‚¹13,900",13MP,1.6 GHz,Micro SIM,8MP,"Accelerometer, Light Sensor, Proximity Sensor",,1920 x 1080 Pixels
54,,,,,,,,,,,,,,,,,,,587,Yes,3300.0,Yes,ARM Mali T830 MP1,32 GB,Dedicated Slot,Yes,Samsung Galaxy J7 Prime ,Android Marshmallow 6,"‚¹13,900",13MP,1.6 GHz,Micro SIM,8MP,"Accelerometer, Light Sensor, Proximity Sensor",,1920 x 1080 Pixels
55,,,,,,,,,,,,,,,,,,,592,Yes,2500.0,Yes,Mali - T720 MP1,16 GB,Dedicated Slot,,Micromax Bharat 4 ,Android Nougat 7,"‚¹5,100",5MP,1.3 GHz,Micro SIM and Micro SIM,5MP,"Gravity Sensors, Proximity Sensor (By SW)",150 g,1280 x 720 Pixels
56,,,,,,,,,,,,,,,,,,,603,Yes,5000.0,Yes,,32 GB,Dedicated Slot,,Moto E4 Plus ,Android Nougat 7.1.1,"‚¹9,999",13MP,1.3 GHz,Nano SIM and Nano SIM,5MP,"Fingerprint, Accelerometer, Ambient Light, Proximity Sensor",198 g,1280 x 720 Pixels
57,,,,,,,,,,,,,,,,,,,607,Yes,3600.0,Yes,,64 GB,Dedicated Slot,Yes,Samsung Galaxy J7 Pro ,Android Nougat 7.0,"‚¹18,900",13MP,1.6 GHz,Nano SIM (4FF),13MP,"Accelerometer, Fingerprint Sensor, Gyro Sensor, Geomagnetic Sensor, Hall Sensor, Light Sensor, RGB Light Sensor, Proximity Sensor",178 g,1920 x 1080 Pixels
58,,,,,,,,,,,,,,,,,,,611,Yes,3600.0,Yes,,64 GB,Dedicated Slot,Yes,Samsung Galaxy J7 Pro ,Android Nougat 7.0,"‚¹18,900",13MP,1.6 GHz,Nano SIM (4FF),13MP,"Accelerometer, Fingerprint Sensor, Gyro Sensor, Geomagnetic Sensor, Hall Sensor, Light Sensor, RGB Light Sensor, Proximity Sensor",178 g,1920 x 1080 Pixels
59,,,,,,,,,,,,,,,,,,,612,Yes,3600.0,Yes,,64 GB,Dedicated Slot,Yes,Samsung Galaxy J7 Pro ,Android Nougat 7.0,"‚¹18,900",13MP,1.6 GHz,Nano SIM (4FF),13MP,"Accelerometer, Fingerprint Sensor, Gyro Sensor, Geomagnetic Sensor, Hall Sensor, Light Sensor, RGB Light Sensor, Proximity Sensor",178 g,1920 x 1080 Pixels
60,,,,,,,,,,,,,,,,,,,616,Yes,3600.0,Yes,,64 GB,Dedicated Slot,Yes,Samsung Galaxy J7 Pro ,Android Nougat 7.0,"‚¹18,900",13MP,1.6 GHz,Nano SIM (4FF),13MP,"Accelerometer, Fingerprint Sensor, Gyro Sensor, Geomagnetic Sensor, Hall Sensor, Light Sensor, RGB Light Sensor, Proximity Sensor",178 g,1920 x 1080 Pixels
61,,,,,,,,,,,,,,,,,,,617,Yes,3600.0,Yes,,64 GB,Dedicated Slot,Yes,Samsung Galaxy J7 Pro ,Android Nougat 7.0,"‚¹18,900",13MP,1.6 GHz,Nano SIM (4FF),13MP,"Accelerometer, Fingerprint Sensor, Gyro Sensor, Geomagnetic Sensor, Hall Sensor, Light Sensor, RGB Light Sensor, Proximity Sensor",178 g,1920 x 1080 Pixels
62,,,,,,,,,,,,,,,,,,,621,Yes,3000.0,Yes,,32 GB,Dedicated Slot,,Samsung Galaxy J7 Nxt ,Android Nougat 7,"‚¹11,900",13MP,1.6 GHz,Micro SIM (3FF),5MP,"Accelerometer, Proximity Sensor",170 g,1280 x 720 Pixels
63,,,,,,,,,,,,,,,,,,,627,Yes,3000.0,Yes,,32 GB,Dedicated Slot,,Samsung Galaxy J7 Nxt ,Android Nougat 7,"‚¹11,900",13MP,1.6 GHz,Micro SIM (3FF),5MP,"Accelerometer, Proximity Sensor",170 g,1280 x 720 Pixels
64,,,,,,,,,,,,,,,,,,,629,Yes,4000.0,Yes,450 MHz,32 GB,Hybrid Slot,,Micromax Evok Note ,Android Marshmallow 6,"‚¹9,499",13MP,1.3 GHz,Nano SIM and Nano SIM,5MP,"Fingerprint Sensor, Gravity Sensors, Proximity Sensor, Light Sensor, Accelerometer, Gyroscope Sensor",162 g,1920 x 1080 pixels
65,,,,,,,,,,,,,,,,,,,631,Yes,3600.0,Yes,,64 GB,Dedicated Slot,Yes,Samsung Galaxy J7 Pro ,Android Nougat 7.0,"‚¹18,900",13MP,1.6 GHz,Nano SIM (4FF),13MP,"Accelerometer, Fingerprint Sensor, Gyro Sensor, Geomagnetic Sensor, Hall Sensor, Light Sensor, RGB Light Sensor, Proximity Sensor",178 g,1920 x 1080 Pixels
66,,,,,,,,,,,,,,,,,,,636,Yes,2000.0,Yes,Mali - T720ï¿½MP1,8 GB,Dedicated Slot,,Micromax Bharat 3 ,Android Nougat 7.0,"‚¹4,375",5MP,1.1 GHz,Micro SIM and Micro SIM,5MP,"Gravity Sensors, Proximity Sensor (By SW)",130 g,854 x 480 Pixels
67,,,,,,,,,,,,,,,,,,,665,Yes,3000.0,Yes,,64 GB,Hybrid Slot,Yes,HTC Desire 10 Pro ,Android Marshmallow 6,"‚¹17,200",20MP,1.8 GHz,Nano SIM,13MP,"Accelerometer, Finger Print Sensor, Gyro, Proximity Sensor, Compass",165 g,1080 x 1920 Pixels
68,,,,,,,,,,,,,,,,,,,666,Yes,3600.0,Yes,,64 GB,Dedicated Slot,Yes,Samsung Galaxy J7 Pro ,Android Nougat 7.0,"‚¹18,900",13MP,1.6 GHz,Nano SIM (4FF),13MP,"Accelerometer, Fingerprint Sensor, Gyro Sensor, Geomagnetic Sensor, Hall Sensor, Light Sensor, RGB Light Sensor, Proximity Sensor",178 g,1920 x 1080 Pixels
69,,,,,,,,,,,,,,,,,,,677,Yes,3600.0,Yes,,64 GB,Dedicated Slot,Yes,Samsung Galaxy J7 Pro ,Android Nougat 7.0,"‚¹18,900",13MP,1.6 GHz,Nano SIM (4FF),13MP,"Accelerometer, Fingerprint Sensor, Gyro Sensor, Geomagnetic Sensor, Hall Sensor, Light Sensor, RGB Light Sensor, Proximity Sensor",178 g,1920 x 1080 Pixels
70,,,,,,,,,,,,,,,,,,,717,Yes,3300.0,Yes,ARM Mali T830 MP1,16 GB,Dedicated Slot,Yes,Samsung Galaxy J7 Prime ,Android Marshmallow 6,"‚¹13,800",13MP,1.6 GHz,Micro SIM,8MP,"Accelerometer, Light Sensor, Proximity Sensor",,1920 x 1080 Pixels
71,,,,,,,,,,,,,,,,,,,748,Yes,3300.0,Yes,ARM Mali T830 MP1,32 GB,Dedicated Slot,Yes,Samsung Galaxy J7 Prime ,Android Marshmallow 6,"‚¹13,900",13MP,1.6 GHz,Micro SIM,8MP,"Accelerometer, Light Sensor, Proximity Sensor",,1920 x 1080 Pixels
72,,,,,,,,,,,,,,,,,,,749,,3000.0,,,32 GB,Dedicated Slot,,Moto G4 Plus ,Android Marshmallow 6.0.1,"‚¹14,190",16MP,1.5 GHz,,5MP,,,1080 x 1920 Pixels
73,,,,,,,,,,,,,,,,,,,755,Yes,1800.0,Yes,Mali MP2 at 512 MHz,8 GB,Dedicated Slot,,Micromax Vdeo 2 ,Android Marshmallow 6,"‚¹3,499",5MP,1.3 GHz,Micro SIM and Micro SIM,2MP,"Gravity Sensors, Proximity Sensor, Light Sensor",,854 x 480 pixels
74,,,,,,,,,,,,,,,,,,,766,Yes,3000.0,Yes,,64 GB,Hybrid Slot,Yes,HTC Desire 10 Pro ,Android Marshmallow 6,"‚¹17,200",20MP,1.8 GHz,Nano SIM,13MP,"Accelerometer, Finger Print Sensor, Gyro, Proximity Sensor, Compass",165 g,1080 x 1920 Pixels
75,,,,,,,,,,,,,,,,,,,781,,2000.0,,,8 GB,,,Micromax Canvas Amaze ,Android Lollipop 5.1,"‚¹6,990",13MP,1.3 GHz,,,,,1280 x 720 Pixels
76,,,,,,,,,,,,,,,,,,,830,,2000.0,,,16 GB,Dedicated Slot,,Micromax Canvas 5 Lite ,Android Lollipop 5.1,"‚¹4,475",8MP,1.0 GHz,,,,,1280 x 720 Pixels
77,,,,,,,,,,,,,,,,,,,835,,2000.0,,,8 GB,,,Micromax Canvas Amaze ,Android Lollipop 5.1,"‚¹6,990",13MP,1.3 GHz,,,,,1280 x 720 Pixels
78,,,,,,,,,,,,,,,,,,,889,Yes,3300.0,Yes,ARM Mali T830 MP1,32 GB,Dedicated Slot,Yes,Samsung Galaxy J7 Prime ,Android Marshmallow 6,"‚¹13,900",13MP,1.6 GHz,Micro SIM,8MP,"Accelerometer, Light Sensor, Proximity Sensor",,1920 x 1080 Pixels
79,,,,,,,,,,,,,,,,,,,890,Yes,3300.0,Yes,ARM Mali T830 MP1,32 GB,Dedicated Slot,Yes,Samsung Galaxy J7 Prime ,Android Marshmallow 6,"‚¹13,900",13MP,1.6 GHz,Micro SIM,8MP,"Accelerometer, Light Sensor, Proximity Sensor",,1920 x 1080 Pixels
80,,,,,,,,,,,,,,,,,,,921,Yes,2000.0,Yes,Spreadtrum Mali 400,16 GB,Dedicated Slot,,Micromax Bolt Q381 Plus ,Android Lollipop 5.1,"‚¹3,899",5MP,1.3 GHz,Micro SIM and Mini Sim,0.3MP,Gravity Sensors,140 g,854 x 480 pixels
81,,,,,,,,,,,,,,,,,,,936,,4000.0,,,8 GB,,,Micromax JUICE 3 ,Android Lollipop V5.1,"‚¹7,999",8MP,1.3 GHz,,,,,1280 x 720 Pixels
82,,,,,,,,,,,,,,,,,,,970,Yes,3600.0,Yes,,64 GB,Dedicated Slot,Yes,Samsung Galaxy J7 Pro ,Android Nougat 7.0,"‚¹18,900",13MP,1.6 GHz,Nano SIM (4FF),13MP,"Accelerometer, Fingerprint Sensor, Gyro Sensor, Geomagnetic Sensor, Hall Sensor, Light Sensor, RGB Light Sensor, Proximity Sensor",178 g,1920 x 1080 Pixels
83,,,,,,,,,,,,,,,,,,,972,Yes,3600.0,Yes,,64 GB,Dedicated Slot,Yes,Samsung Galaxy J7 Pro ,Android Nougat 7.0,"‚¹18,900",13MP,1.6 GHz,Nano SIM (4FF),13MP,"Accelerometer, Fingerprint Sensor, Gyro Sensor, Geomagnetic Sensor, Hall Sensor, Light Sensor, RGB Light Sensor, Proximity Sensor",178 g,1920 x 1080 Pixels
84,,,,,,,,,,,,,,,,,,,977,Yes,3600.0,Yes,,64 GB,Dedicated Slot,Yes,Samsung Galaxy J7 Pro ,Android Nougat 7.0,"‚¹18,900",13MP,1.6 GHz,Nano SIM (4FF),13MP,"Accelerometer, Fingerprint Sensor, Gyro Sensor, Geomagnetic Sensor, Hall Sensor, Light Sensor, RGB Light Sensor, Proximity Sensor",178 g,1920 x 1080 Pixels
85,,,,,,,,,,,,,,,,,,,981,Yes,3600.0,Yes,,64 GB,Dedicated Slot,Yes,Samsung Galaxy J7 Pro ,Android Nougat 7.0,"‚¹18,900",13MP,1.6 GHz,Nano SIM (4FF),13MP,"Accelerometer, Fingerprint Sensor, Gyro Sensor, Geomagnetic Sensor, Hall Sensor, Light Sensor, RGB Light Sensor, Proximity Sensor",178 g,1920 x 1080 Pixels
86,,,,,,,,,,,,,,,,,,,982,Yes,3600.0,Yes,,64 GB,Dedicated Slot,Yes,Samsung Galaxy J7 Pro ,Android Nougat 7.0,"‚¹18,900",13MP,1.6 GHz,Nano SIM (4FF),13MP,"Accelerometer, Fingerprint Sensor, Gyro Sensor, Geomagnetic Sensor, Hall Sensor, Light Sensor, RGB Light Sensor, Proximity Sensor",178 g,1920 x 1080 Pixels
87,,,,,,,,,,,,,,,,,,,996,Yes,3600.0,Yes,,64 GB,Dedicated Slot,Yes,Samsung Galaxy J7 Pro ,Android Nougat 7.0,"‚¹18,900",13MP,1.6 GHz,Nano SIM (4FF),13MP,"Accelerometer, Fingerprint Sensor, Gyro Sensor, Geomagnetic Sensor, Hall Sensor, Light Sensor, RGB Light Sensor, Proximity Sensor",178 g,1920 x 1080 Pixels
88,,,,,,,,,,,,,,,,,,,997,Yes,3600.0,Yes,,64 GB,Dedicated Slot,Yes,Samsung Galaxy J7 Pro ,Android Nougat 7.0,"‚¹18,900",13MP,1.6 GHz,Nano SIM (4FF),13MP,"Accelerometer, Fingerprint Sensor, Gyro Sensor, Geomagnetic Sensor, Hall Sensor, Light Sensor, RGB Light Sensor, Proximity Sensor",178 g,1920 x 1080 Pixels
89,,,,,,,,,,,,,,,,,,,1010,Yes,2800.0,,,16 GB,,,HTC Desire 728G Dual Sim ,Android Lollipop 5.0.2,"‚¹8,499",13MP,1.3 GHz,Nano SIM,5MP,,153 g,1280 x 720 Pixels
90,,,,,,,,,,,,,,,,,,,1012,Yes,3600.0,Yes,,64 GB,Dedicated Slot,Yes,Samsung Galaxy J7 Pro ,Android Nougat 7.0,"‚¹18,900",13MP,1.6 GHz,Nano SIM (4FF),13MP,"Accelerometer, Fingerprint Sensor, Gyro Sensor, Geomagnetic Sensor, Hall Sensor, Light Sensor, RGB Light Sensor, Proximity Sensor",178 g,1920 x 1080 Pixels
91,,,,,,,,,,,,,,,,,,,1028,Yes,3300.0,Yes,ARM Mali T830 MP1,16 GB,Dedicated Slot,Yes,Samsung Galaxy J7 Prime ,Android Marshmallow 6,"‚¹13,800",13MP,1.6 GHz,Micro SIM,8MP,"Accelerometer, Light Sensor, Proximity Sensor",167 g,1920 x 1080 Pixels
92,,,,,,,,,,,,,,,,,,,1041,Yes,3300.0,Yes,ARM Mali T830 MP1,16 GB,Dedicated Slot,Yes,Samsung Galaxy J7 Prime ,Android Marshmallow 6,"‚¹13,800",13MP,1.6 GHz,Micro SIM,8MP,"Accelerometer, Light Sensor, Proximity Sensor",,1920 x 1080 Pixels
93,,,,,,,,,,,,,,,,,,,1052,Yes,3600.0,,,32 GB,,Yes,Samsung Galaxy S7 Edge ,Android Marshmallow 6,"‚¹35,900",12MP,2.3 GHz,Nano SIM,5MP,"Accelerometer, Barometer, Fingerprint Sensor, Gyro Sensor, Geo-magnetic Sensor, Hall Sensor, HR Sensor, Proximity Sensor, RGB Light Sensor",157 g,2560 X 1440 Pixels
94,,,,,,,,,,,,,,,,,,,1066,,3000.0,Yes,,64 GB,Hybrid Slot,Yes,HTC U ULtra ,Android Nougat 7.1.1,"‚¹27,990",12MP,2.15 GHz,Nano SIM and Nano SIM,16MP,"Edge Sensor, Ambient Light Sensor, Proximity Sensor, Motion G-sensor, Compass Sensor, Gyro Sensor, Magnetic Sensor, Fingerprint Sensor, Sensor Hub",,2560 x 1440 Pixels
95,,,,,,,,,,,,,,,,,,,1077,Yes,3510.0,Yes,Adreno 506 at 650 MHz,32 GB,Dedicated Slot,Yes,Moto Z Play with Style Mod ,Android Marshmallow 6.0.1,"‚¹24,999",16MP,2 GHz,Nano SIM,5MP,"Fingerprint Reader, Accelerometer, Ambient Light, Gyroscope, Hall Effect, Magnetometer, Proximity, Audio Monitor",165 g,1920 x 1080 Pixels
96,,,,,,,,,,,,,,,,,,,1129,Yes,3600.0,Yes,,64 GB,Dedicated Slot,Yes,Samsung Galaxy J7 Pro ,Android Nougat 7.0,"‚¹18,900",13MP,1.6 GHz,Nano SIM (4FF),13MP,"Accelerometer, Fingerprint Sensor, Gyro Sensor, Geomagnetic Sensor, Hall Sensor, Light Sensor, RGB Light Sensor, Proximity Sensor",178 g,1920 x 1080 Pixels
97,,,,,,,,,,,,,,,,,,,1131,Yes,3600.0,Yes,,64 GB,Dedicated Slot,Yes,Samsung Galaxy J7 Pro ,Android Nougat 7.0,"‚¹18,900",13MP,1.6 GHz,Nano SIM (4FF),13MP,"Accelerometer, Fingerprint Sensor, Gyro Sensor, Geomagnetic Sensor, Hall Sensor, Light Sensor, RGB Light Sensor, Proximity Sensor",178 g,1920 x 1080 Pixels
98,,,,,,,,,,,,,,,,,,,1136,Yes,3600.0,Yes,,64 GB,Dedicated Slot,Yes,Samsung Galaxy J7 Pro ,Android Nougat 7.0,"‚¹18,900",13MP,1.6 GHz,Nano SIM (4FF),13MP,"Accelerometer, Fingerprint Sensor, Gyro Sensor, Geomagnetic Sensor, Hall Sensor, Light Sensor, RGB Light Sensor, Proximity Sensor",178 g,1920 x 1080 Pixels
99,,,,,,,,,,,,,,,,,,,1137,Yes,3600.0,Yes,,64 GB,Dedicated Slot,Yes,Samsung Galaxy J7 Pro ,Android Nougat 7.0,"‚¹18,900",13MP,1.6 GHz,Nano SIM (4FF),13MP,"Accelerometer, Fingerprint Sensor, Gyro Sensor, Geomagnetic Sensor, Hall Sensor, Light Sensor, RGB Light Sensor, Proximity Sensor",178 g,1920 x 1080 Pixels
100,,,,,,,,,,,,,,,,,,,1141,Yes,3600.0,Yes,,64 GB,Dedicated Slot,Yes,Samsung Galaxy J7 Pro ,Android Nougat 7.0,"‚¹18,900",13MP,1.6 GHz,Nano SIM (4FF),13MP,"Accelerometer, Fingerprint Sensor, Gyro Sensor, Geomagnetic Sensor, Hall Sensor, Light Sensor, RGB Light Sensor, Proximity Sensor",178 g,1920 x 1080 Pixels
101,,,,,,,,,,,,,,,,,,,1142,Yes,3600.0,Yes,,64 GB,Dedicated Slot,Yes,Samsung Galaxy J7 Pro ,Android Nougat 7.0,"‚¹18,900",13MP,1.6 GHz,Nano SIM (4FF),13MP,"Accelerometer, Fingerprint Sensor, Gyro Sensor, Geomagnetic Sensor, Hall Sensor, Light Sensor, RGB Light Sensor, Proximity Sensor",178 g,1920 x 1080 Pixels
102,,,,,,,,,,,,,,,,,,,1156,Yes,3600.0,Yes,,64 GB,Dedicated Slot,Yes,Samsung Galaxy J7 Pro ,Android Nougat 7.0,"‚¹18,900",13MP,1.6 GHz,Nano SIM (4FF),13MP,"Accelerometer, Fingerprint Sensor, Gyro Sensor, Geomagnetic Sensor, Hall Sensor, Light Sensor, RGB Light Sensor, Proximity Sensor",178 g,1920 x 1080 Pixels
103,,,,,,,,,,,,,,,,,,,1157,Yes,3600.0,Yes,,64 GB,Dedicated Slot,Yes,Samsung Galaxy J7 Pro ,Android Nougat 7.0,"‚¹18,900",13MP,1.6 GHz,Nano SIM (4FF),13MP,"Accelerometer, Fingerprint Sensor, Gyro Sensor, Geomagnetic Sensor, Hall Sensor, Light Sensor, RGB Light Sensor, Proximity Sensor",178 g,1920 x 1080 Pixels
104,,,,,,,,,,,,,,,,,,,1161,Yes,3600.0,Yes,,64 GB,Dedicated Slot,Yes,Samsung Galaxy J7 Pro ,Android Nougat 7.0,"‚¹18,900",13MP,1.6 GHz,Nano SIM (4FF),13MP,"Accelerometer, Fingerprint Sensor, Gyro Sensor, Geomagnetic Sensor, Hall Sensor, Light Sensor, RGB Light Sensor, Proximity Sensor",178 g,1920 x 1080 Pixels
105,,,,,,,,,,,,,,,,,,,1163,Yes,2000.0,Yes,Mali-T20,8 GB,Dedicated Slot,No,Samsung Galaxy J2 ,Android Lollipop 5.1.1,"‚¹6,990",5MP,1.3 GHz,Micro SIM,2MP,"Accelerometer, Proximity Sensor",130 g,960 x 540 Pixels
106,,,,,,,,,,,,,,,,,,,1181,Yes,3600.0,Yes,,64 GB,Dedicated Slot,Yes,Samsung Galaxy J7 Pro ,Android Nougat 7.0,"‚¹18,900",13MP,1.6 GHz,Nano SIM (4FF),13MP,"Accelerometer, Fingerprint Sensor, Gyro Sensor, Geomagnetic Sensor, Hall Sensor, Light Sensor, RGB Light Sensor, Proximity Sensor",178 g,1920 x 1080 Pixels
107,,,,,,,,,,,,,,,,,,,1192,Yes,3600.0,Yes,,64 GB,Dedicated Slot,Yes,Samsung Galaxy J7 Pro ,Android Nougat 7.0,"‚¹18,900",13MP,1.6 GHz,Nano SIM (4FF),13MP,"Accelerometer, Fingerprint Sensor, Gyro Sensor, Geomagnetic Sensor, Hall Sensor, Light Sensor, RGB Light Sensor, Proximity Sensor",178 g,1920 x 1080 Pixels
108,,,,,,,,,,,,,,,,,,,1229,Yes,2500.0,Yes,Mali-T720 MP2 at 450 MHz,16 GB,Dedicated Slot,,Micromax Canvas Unite 4 Plus ,Android Marshmallow 6,"‚¹6,499",8MP,1 GHz,Micro SIM and Micro SIM,5MP,"Fingerprint Sensor, Gravity Sensors, Proximity Sensor, Light Sensor",,1280 x 720 pixels
109,,,,,,,,,,,,,,,,,,,1267,Yes,3500.0,,ARM Heimdall MP18,64 GB,Hybrid Slot,Yes,Samsung Galaxy S9 Plus ,Android Oreo 8,"‚¹64,900",12MP + 12MP,2.7 GHz,Nano SIM,8MP,,189 g,2960 x 1440 Pixels
110,,,,,,,,,,,,,,,,,,,1285,Yes,3300.0,Yes,ARM Mali T830 MP1,32 GB,Dedicated Slot,Yes,Samsung Galaxy J7 Prime ,Android Marshmallow 6,"‚¹13,900",13MP,1.6 GHz,Micro SIM,8MP,"Accelerometer, Light Sensor, Proximity Sensor",,1920 x 1080 Pixels
111,,,,,,,,,,,,,,,,,,,1287,,3300.0,,,32 GB,Dedicated Slot,,Samsung Galaxy On Max ,Android Nougat 7,"‚¹13,900",13MP,2.39 GHz,,13MP,"Accelerometer,Fingerprint Sensor,Gyro Sensor,Geomagnetic Sensor,Light Sensor,Proximity Sensor",179 g,1920 x 1080 pixels
112,,,,,,,,,,,,,,,,,,,1291,Yes,3600.0,Yes,,64 GB,Dedicated Slot,Yes,Samsung Galaxy J7 Pro ,Android Nougat 7.0,"‚¹18,900",13MP,1.6 GHz,Nano SIM (4FF),13MP,"Accelerometer, Fingerprint Sensor, Gyro Sensor, Geomagnetic Sensor, Hall Sensor, Light Sensor, RGB Light Sensor, Proximity Sensor",178 g,1920 x 1080 Pixels
113,,,,,,,,,,,,,,,,,,,1296,Yes,3600.0,Yes,,64 GB,Dedicated Slot,Yes,Samsung Galaxy J7 Pro ,Android Nougat 7.0,"‚¹18,900",13MP,1.6 GHz,Nano SIM (4FF),13MP,"Accelerometer, Fingerprint Sensor, Gyro Sensor, Geomagnetic Sensor, Hall Sensor, Light Sensor, RGB Light Sensor, Proximity Sensor",178 g,1920 x 1080 Pixels
114,,,,,,,,,,,,,,,,,,,1297,Yes,3600.0,Yes,,64 GB,Dedicated Slot,Yes,Samsung Galaxy J7 Pro ,Android Nougat 7.0,"‚¹18,900",13MP,1.6 GHz,Nano SIM (4FF),13MP,"Accelerometer, Fingerprint Sensor, Gyro Sensor, Geomagnetic Sensor, Hall Sensor, Light Sensor, RGB Light Sensor, Proximity Sensor",178 g,1920 x 1080 Pixels
115,,,,,,,,,,,,,,,,,,,1301,Yes,3600.0,Yes,,64 GB,Dedicated Slot,Yes,Samsung Galaxy J7 Pro ,Android Nougat 7.0,"‚¹18,900",13MP,1.6 GHz,Nano SIM (4FF),13MP,"Accelerometer, Fingerprint Sensor, Gyro Sensor, Geomagnetic Sensor, Hall Sensor, Light Sensor, RGB Light Sensor, Proximity Sensor",178 g,1920 x 1080 Pixels
116,,,,,,,,,,,,,,,,,,,1308,Yes,2000.0,Yes,Mali-T20,8 GB,Dedicated Slot,,Samsung Galaxy J2 ,Android Lollipop 5.1.1,"‚¹6,990",5MP,1.3 GHz,Micro SIM,2MP,"Accelerometer, Proximity Sensor",130 g,960 x 540 Pixels
117,,,,,,,,,,,,,,,,,,,1312,Yes,3600.0,Yes,,64 GB,Dedicated Slot,Yes,Samsung Galaxy J7 Pro ,Android Nougat 7.0,"‚¹18,900",13MP,1.6 GHz,Nano SIM (4FF),13MP,"Accelerometer, Fingerprint Sensor, Gyro Sensor, Geomagnetic Sensor, Hall Sensor, Light Sensor, RGB Light Sensor, Proximity Sensor",178 g,1920 x 1080 Pixels
118,,,,,,,,,,,,,,,,,,,1361,Yes,3600.0,Yes,,64 GB,Dedicated Slot,Yes,Samsung Galaxy J7 Pro ,Android Nougat 7.0,"‚¹18,900",13MP,1.6 GHz,Nano SIM (4FF),13MP,"Accelerometer, Fingerprint Sensor, Gyro Sensor, Geomagnetic Sensor, Hall Sensor, Light Sensor, RGB Light Sensor, Proximity Sensor",178 g,1920 x 1080 Pixels
119,,,,,,,,,,,,,,,,,,,1366,Yes,3600.0,Yes,,64 GB,Dedicated Slot,Yes,Samsung Galaxy J7 Pro ,Android Nougat 7.0,"‚¹18,900",13MP,1.6 GHz,Nano SIM (4FF),13MP,"Accelerometer, Fingerprint Sensor, Gyro Sensor, Geomagnetic Sensor, Hall Sensor, Light Sensor, RGB Light Sensor, Proximity Sensor",178 g,1920 x 1080 Pixels
120,,,,,,,,,,,,,,,,,,,1386,Yes,3300.0,Yes,,32 GB,Dedicated Slot,,Samsung J7 Max ,Android Nougat 7,"‚¹14,900",13MP,1.6 GHz,Nano SIM (4FF),13MP,"Accelerometer, Fingerprint Sensor, Gyro Sensor, Geomagnetic Sensor, Light Sensor, Proximity Sensor",179 g,1920 x 1080 pixels
121,,,,,,,,,,,,,,,,,,,1398,,1800.0,Yes,A304 at 400 MHz,8 GB,Dedicated Slot,,Micromax Spark Vdeo ,Android Marshmallow 6,"‚¹3,959",5MP,1.1 GHz,Micro SIM and Micro SIM,2MP,"Gravity Sensors, Proximity Sensor, Light Sensor, Accelerometer",140 g,854 x 480 pixels
122,,,,,,,,,,,,,,,,,,,1404,Yes,1750.0,Yes,,4 GB,,,Micromax Canvas Fire A093 ,Android KitKat 4.4.2,"‚¹3,199",5MP,1.3 GHz,Micro SIM and Mini SIM,0.3MP,G-Sensor,,800 x 480 Pixels
123,,,,,,,,,,,,,,,,,,,1407,,2730.0,Yes,Adreno 540,64 GB,Hybrid Slot,Yes,Moto Z2 Force ,Android Oreo 8.0,"‚¹34,998",12MP + 12MP,2.35 GHz,Nano SIM - Dual SIM Hybrid,5MP,"Fingerprint Sensor, Accelerometer, Ambient Light, Gyroscope, Magnetometer, Barometer, Proximity, Ultrasonic, Audio Monitor",143 g,2560 x 1440 Pixels
124,,,,,,,,,,,,,,,,,,,1418,Yes,5000.0,Yes,Mali - T720 MP1,16 GB,Hybrid Slot,,Micromax Bharat 5 ,Android Nougat 7,"‚¹5,475",5MP,1.3 GHz,Micro SIM and Nano SIM,5MP,Gravity Sensors,170 g,1280 x 720 Pixels
125,,,,,,,,,,,,,,,,,,,1446,Yes,3600.0,Yes,,64 GB,Dedicated Slot,Yes,Samsung Galaxy J7 Pro ,Android Nougat 7.0,"‚¹18,900",13MP,1.6 GHz,Nano SIM (4FF),13MP,"Accelerometer, Fingerprint Sensor, Gyro Sensor, Geomagnetic Sensor, Hall Sensor, Light Sensor, RGB Light Sensor, Proximity Sensor",178 g,1920 x 1080 Pixels
126,,,,,,,,,,,,,,,,,,,1447,Yes,3600.0,Yes,,64 GB,Dedicated Slot,Yes,Samsung Galaxy J7 Pro ,Android Nougat 7.0,"‚¹18,900",13MP,1.6 GHz,Nano SIM (4FF),13MP,"Accelerometer, Fingerprint Sensor, Gyro Sensor, Geomagnetic Sensor, Hall Sensor, Light Sensor, RGB Light Sensor, Proximity Sensor",178 g,1920 x 1080 Pixels
127,,,,,,,,,,,,,,,,,,,1451,Yes,3000.0,Yes,,16 GB,Dedicated Slot,,Samsung Galaxy J7 Nxt ,Android Nougat 7.0,"‚¹9,990",13MP,1.6 GHz,Micro SIM (3FF),5MP,"Accelerometer, Proximity Sensor",170 g,1280 x 720 Pixels
128,,,,,,,,,,,,,,,,,,,1452,Yes,3600.0,Yes,,64 GB,Dedicated Slot,Yes,Samsung Galaxy J7 Pro ,Android Nougat 7.0,"‚¹18,900",13MP,1.6 GHz,Nano SIM (4FF),13MP,"Accelerometer, Fingerprint Sensor, Gyro Sensor, Geomagnetic Sensor, Hall Sensor, Light Sensor, RGB Light Sensor, Proximity Sensor",178 g,1920 x 1080 Pixels
129,,,,,,,,,,,,,,,,,,,1456,Yes,3600.0,Yes,,64 GB,Dedicated Slot,Yes,Samsung Galaxy J7 Pro ,Android Nougat 7.0,"‚¹18,900",13MP,1.6 GHz,Nano SIM (4FF),13MP,"Accelerometer, Fingerprint Sensor, Gyro Sensor, Geomagnetic Sensor, Hall Sensor, Light Sensor, RGB Light Sensor, Proximity Sensor",178 g,1920 x 1080 Pixels
130,,,,,,,,,,,,,,,,,,,1457,Yes,3600.0,Yes,,64 GB,Dedicated Slot,Yes,Samsung Galaxy J7 Pro ,Android Nougat 7.0,"‚¹18,900",13MP,1.6 GHz,Nano SIM (4FF),13MP,"Accelerometer, Fingerprint Sensor, Gyro Sensor, Geomagnetic Sensor, Hall Sensor, Light Sensor, RGB Light Sensor, Proximity Sensor",178 g,1920 x 1080 Pixels
131,,,,,,,,,,,,,,,,,,,1460,Yes,3300.0,Yes,,32 GB,Dedicated Slot,,Samsung J7 Max ,Android Nougat 7,"‚¹16,900",13MP,1.6 GHz,Nano SIM (4FF),13MP,"Accelerometer, Fingerprint Sensor, Gyro Sensor, Geomagnetic Sensor, Light Sensor, Proximity Sensor",179 g,1920 x 1080 pixels
132,,,,,,,,,,,,,,,,,,,1464,Yes,2600.0,Yes,,16 GB,Dedicated Slot,Yes,Samsung Galaxy J3 Pro ,Android Lollipop 5.1,"‚¹7,990",8MP,1.5 GHz,Micro SIM (3FF),5MP,"Accelerometer, Proximity Sensor",138 g,1280 x 720 Pixels
133,,,,,,,,,,,,,,,,,,,1470,Yes,3600.0,Yes,,64 GB,Dedicated Slot,Yes,Samsung Galaxy J7 Pro ,Android Nougat 7.0,"‚¹18,900",13MP,1.6 GHz,Nano SIM (4FF),13MP,"Accelerometer, Fingerprint Sensor, Gyro Sensor, Geomagnetic Sensor, Hall Sensor, Light Sensor, RGB Light Sensor, Proximity Sensor",178 g,1920 x 1080 Pixels
134,,,,,,,,,,,,,,,,,,,1471,Yes,3600.0,Yes,,64 GB,Dedicated Slot,Yes,Samsung Galaxy J7 Pro ,Android Nougat 7.0,"‚¹18,900",13MP,1.6 GHz,Nano SIM (4FF),13MP,"Accelerometer, Fingerprint Sensor, Gyro Sensor, Geomagnetic Sensor, Hall Sensor, Light Sensor, RGB Light Sensor, Proximity Sensor",178 g,1920 x 1080 Pixels
135,,,,,,,,,,,,,,,,,,,1473,Yes,2800.0,,,16 GB,Dedicated Slot,,HTC Desire 828 Dual Sim ,Android Lollipop 5.1,"‚¹8,990",13MP,1.5 GHz,Nano SIM,,,148 g,1080 x 1920 Pixels
136,,,,,,,,,,,,,,,,,,,1474,Yes,2500.0,Yes,,8 GB,Dedicated Slot,,Micromax Canvas Spark 3 ,Android Lollipop 5.1,"‚¹3,980",8MP,1.3 GHz,Micro SIM,5MP,"Gravity, Proximity, Light Sensors",,1280 x 720 pixels
137,,,,,,,,,,,,,,,,,,,1476,Yes,3600.0,Yes,,64 GB,Dedicated Slot,Yes,Samsung Galaxy J7 Pro ,Android Nougat 7.0,"‚¹18,900",13MP,1.6 GHz,Nano SIM (4FF),13MP,"Accelerometer, Fingerprint Sensor, Gyro Sensor, Geomagnetic Sensor, Hall Sensor, Light Sensor, RGB Light Sensor, Proximity Sensor",178 g,1920 x 1080 Pixels
138,,,,,,,,,,,,,,,,,,,1485,Yes,3600.0,Yes,,64 GB,Dedicated Slot,Yes,Samsung Galaxy J7 Pro ,Android Nougat 7.0,"‚¹18,900",13MP,1.6 GHz,Nano SIM (4FF),13MP,"Accelerometer, Fingerprint Sensor, Gyro Sensor, Geomagnetic Sensor, Hall Sensor, Light Sensor, RGB Light Sensor, Proximity Sensor",178 g,1920 x 1080 Pixels
139,,,,,,,,,,,,,,,,,,,1496,Yes,3600.0,Yes,,64 GB,Dedicated Slot,Yes,Samsung Galaxy J7 Pro ,Android Nougat 7.0,"‚¹18,900",13MP,1.6 GHz,Nano SIM (4FF),13MP,"Accelerometer, Fingerprint Sensor, Gyro Sensor, Geomagnetic Sensor, Hall Sensor, Light Sensor, RGB Light Sensor, Proximity Sensor",178 g,1920 x 1080 Pixels
140,,,,,,,,,,,,,,,,,,,1521,Yes,3600.0,Yes,,64 GB,Dedicated Slot,Yes,Samsung Galaxy J7 Pro ,Android Nougat 7.0,"‚¹18,900",13MP,1.6 GHz,Nano SIM (4FF),13MP,"Accelerometer, Fingerprint Sensor, Gyro Sensor, Geomagnetic Sensor, Hall Sensor, Light Sensor, RGB Light Sensor, Proximity Sensor",178 g,1920 x 1080 Pixels
